student_id,dept_id,date_of_declaration
123485,COM,2024-08-22
124239,PHI,2025-08-25
124239,ENGL,2022-05-17
123877,COM,2022-08-05
123197,PHY,2025-01-19
123197,ENG,2024-06-19
123813,BIO,2023-07-26
123813,CHE,2022-12-03
123807,ENG,2024-08-11
123295,BIO,2024-07-08
123419,HIS,2022-05-06
123468,ENGL,2023-05-12
123468,PHI,2023-05-09
125092,BIO,2022-05-07
125197,CHE,2023-05-12
125197,BIO,2025-12-27
123180,BIO,2024-12-05
123180,CHE,2023-12-27
123698,ENG,2025-08-11
123698,PHY,2022-08-05
124488,PHY,2024-08-26
123146,COM,2022-01-24
123146,PHY,2025-08-20
124383,HIS,2025-06-09
124383,ENGL,2024-08-07
123737,HIS,2022-07-21
123133,HIS,2025-06-15
123133,ENG,2025-07-24
123418,PHY,2024-08-08
123418,COM,2024-07-01
124781,ENG,2022-07-10
124966,PHI,2022-12-11
125223,COM,2025-05-18
125223,PHY,2023-07-21
123297,CHE,2025-08-28
123297,BIO,2024-06-14
123321,ENG,2024-01-21
124717,ENG,2025-01-10
123354,ENGL,2025-12-16
125209,BIO,2024-07-01
124530,PHY,2023-05-07
124530,ENG,2022-12-15
123255,BIO,2025-07-24
123255,CHE,2023-07-14
124326,HIS,2025-05-11
124326,PHI,2025-12-22
123477,PHY,2024-08-24
124236,ENGL,2022-01-24
124438,ENG,2023-12-04
124438,PHY,2025-01-27
123453,ENG,2022-01-14
123453,PHY,2023-12-21
124531,PHI,2025-06-08
123491,HIS,2022-05-17
123687,ENG,2025-06-24
123910,ENGL,2025-07-05
123910,HIS,2025-12-23
123417,CHE,2025-07-12
124749,PHI,2022-08-19
124749,ENG,2025-01-23
124745,BIO,2023-07-08
124745,CHE,2025-01-26
123487,COM,2025-05-04
124913,HIS,2024-01-20
124521,COM,2025-06-15
125226,ENG,2025-12-24
124277,PHY,2025-07-08
124277,COM,2023-08-25
123966,PHI,2023-05-10
123966,ENGL,2024-07-15
124335,PHI,2022-08-05
123532,BIO,2022-08-17
123666,COM,2025-06-06
123666,PHY,2024-05-20
123759,ENGL,2024-07-13
124128,ENGL,2025-06-08
124558,PHY,2022-12-10
124558,COM,2023-06-15
124157,ENGL,2022-06-03
124195,BIO,2024-07-17
124660,ENG,2024-01-22
124660,PHY,2025-06-17
123329,CHE,2024-05-03
123329,BIO,2025-06-23
125247,CHE,2024-05-09
125247,BIO,2024-05-11
123254,ENG,2023-08-22
124185,ENG,2025-06-22
124185,PHY,2022-08-26
125208,ENG,2025-06-15
123649,ENG,2025-08-12
123649,PHY,2024-12-22
125018,PHY,2025-08-10
125018,ENG,2025-12-14
124294,CHE,2024-05-27
124294,BIO,2022-12-15
124569,COM,2023-06-17
124738,CHE,2024-06-23
124738,BIO,2025-06-23
125100,CHE,2023-12-25
125100,BIO,2024-05-17
123785,COM,2022-08-18
123785,PHY,2023-07-08
124513,HIS,2024-07-13
124424,COM,2024-12-11
123445,COM,2025-12-16
123445,PHY,2023-07-03
124223,HIS,2023-01-17
125230,ENG,2024-01-22
125230,PHY,2023-05-14
124927,PHY,2023-01-26
123272,ENG,2025-12-04
123205,CHE,2025-05-23
124844,PHI,2022-07-15
123521,ENG,2025-06-25
123521,PHY,2024-06-21
124596,HIS,2025-06-25
124596,PHI,2022-01-03
124897,CHE,2023-05-07
124897,BIO,2024-07-05
123302,ENGL,2024-12-16
124017,ENG,2023-01-22
124017,PHY,2024-07-19
124036,PHY,2024-01-10
123243,BIO,2024-07-17
123972,PHI,2022-08-05
125046,ENGL,2025-08-28
124030,COM,2024-07-19
123450,CHE,2025-08-17
123450,BIO,2025-05-03
124879,CHE,2024-08-23
123381,HIS,2023-05-12
124340,HIS,2023-07-09
123896,COM,2023-06-04
123896,PHY,2023-06-26
123937,ENG,2025-01-24
123791,PHY,2022-06-20
123791,COM,2023-08-11
124716,ENG,2024-01-10
124515,CHE,2022-07-15
124515,BIO,2024-01-06
124241,COM,2023-06-10
125088,HIS,2022-05-28
125088,PHI,2023-05-19
124863,COM,2023-12-22
123416,ENGL,2022-07-23
123432,PHI,2024-06-26
124366,ENG,2023-06-24
124366,PHY,2025-12-27
123161,BIO,2022-08-16
123161,CHE,2022-07-26
125032,ENG,2024-05-22
123989,HIS,2025-01-04
123989,PHI,2023-07-14
124263,HIS,2025-07-17
123998,PHY,2024-06-25
124647,BIO,2025-06-05
124647,CHE,2025-05-23
125113,ENG,2023-07-25
123991,BIO,2024-01-02
123991,CHE,2025-01-16
124971,ENGL,2024-01-17
124971,PHI,2022-06-19
124201,HIS,2024-05-06
124417,HIS,2023-05-07
124417,ENGL,2025-06-02
123952,PHI,2023-01-14
124814,COM,2024-05-23
124809,ENG,2025-05-03
124809,PHY,2025-05-11
125241,ENGL,2022-06-01
125241,HIS,2022-07-26
123296,PHY,2024-05-22
123935,PHY,2025-01-28
123935,ENG,2023-08-18
124767,ENG,2025-07-01
125234,BIO,2023-08-26
123885,CHE,2024-12-08
123885,BIO,2025-06-04
123173,PHY,2023-05-26
123171,PHY,2023-07-21
124617,COM,2022-05-07
123551,ENG,2024-12-26
123551,PHY,2022-01-04
124121,ENG,2022-07-10
123394,ENG,2023-12-01
123394,PHY,2022-08-10
124193,CHE,2025-06-01
124528,ENG,2025-07-25
123542,CHE,2024-05-05
123351,BIO,2025-07-20
124910,HIS,2024-01-10
125145,PHI,2023-08-28
124740,PHI,2025-07-04
124740,ENGL,2023-12-08
124066,HIS,2025-12-16
124066,PHI,2025-07-04
124176,ENGL,2024-08-21
124176,PHI,2024-01-21
124813,PHI,2024-12-15
123818,PHY,2024-01-02
123766,ENG,2023-05-12
124065,COM,2025-06-02
124065,PHY,2024-01-09
125104,COM,2024-12-15
125104,PHY,2025-05-12
123474,PHI,2024-05-17
124702,CHE,2022-06-04
123980,ENG,2022-12-23
123980,PHY,2025-07-06
124619,ENGL,2025-05-28
123409,CHE,2023-01-16
123409,BIO,2022-12-07
123968,HIS,2024-12-18
123968,ENG,2025-07-01
123667,PHY,2022-05-22
124402,ENGL,2025-08-24
124402,HIS,2024-06-25
123933,ENG,2023-12-02
124997,BIO,2023-07-26
124997,CHE,2022-05-04
124780,PHY,2024-05-24
124780,COM,2024-12-15
124138,COM,2025-12-14
124138,PHY,2022-05-09
124768,COM,2023-05-17
124768,PHY,2025-08-12
124135,PHY,2022-08-03
123316,CHE,2022-05-05
123316,BIO,2024-05-26
123873,PHI,2025-12-17
125199,PHY,2023-06-05
125199,ENG,2022-12-19
124483,ENGL,2023-05-21
124483,PHI,2023-01-01
124977,PHY,2022-07-23
124977,COM,2024-05-22
123465,ENG,2023-12-03
125050,COM,2025-12-02
124499,ENGL,2025-07-18
124124,HIS,2025-05-19
124124,ENGL,2024-12-10
123444,PHI,2024-01-09
125162,ENGL,2022-12-02
125162,HIS,2024-08-16
124928,ENG,2025-06-20
125258,COM,2024-06-10
125258,PHY,2025-06-02
125036,COM,2024-06-27
124304,ENG,2024-07-13
124345,ENG,2024-07-03
123626,BIO,2023-08-02
123626,CHE,2023-05-22
124670,COM,2023-06-21
124670,PHY,2023-08-03
125025,PHY,2025-01-23
125025,COM,2023-06-26
125221,ENG,2025-01-27
125221,PHY,2022-12-28
123955,ENG,2023-05-13
123955,PHY,2022-06-01
124523,COM,2022-05-10
124523,PHY,2025-01-06
124856,PHY,2022-08-08
124856,ENG,2023-08-21
124197,COM,2022-12-09
124634,BIO,2023-06-05
123777,HIS,2024-08-10
124167,BIO,2023-08-21
124031,PHI,2024-05-25
124031,ENGL,2023-08-05
123788,ENG,2022-05-24
124192,PHY,2022-12-18
124192,COM,2024-08-15
125249,ENG,2023-01-12
125249,PHY,2022-07-19
123599,COM,2023-07-02
123599,PHY,2022-01-26
124770,PHY,2025-08-26
123805,PHY,2025-08-21
125065,ENGL,2025-06-01
125065,PHI,2024-06-09
124720,CHE,2025-07-25
124116,CHE,2025-06-02
123923,ENGL,2022-07-22
123923,PHI,2024-05-13
125129,PHY,2022-12-26
125129,COM,2022-06-16
124244,ENGL,2022-06-16
124244,PHI,2023-12-05
123262,PHI,2025-06-02
123256,PHI,2024-05-25
123865,ENG,2024-12-14
123865,PHY,2025-06-09
124323,HIS,2023-05-26
124478,COM,2025-05-23
125206,ENG,2024-12-15
124421,COM,2024-05-06
123633,PHY,2022-12-14
123633,COM,2025-07-28
124718,COM,2023-12-03
123344,BIO,2023-05-02
123344,CHE,2023-07-13
123322,ENGL,2025-01-17
123322,PHI,2022-12-21
124291,PHI,2022-01-10
125078,CHE,2022-01-13
124320,COM,2023-06-11
124591,PHY,2023-08-27
124080,COM,2022-01-06
124080,PHY,2025-05-28
123439,ENGL,2022-12-21
125172,ENG,2023-06-10
125172,PHY,2022-05-18
123506,ENG,2024-07-18
124506,PHY,2024-12-25
125190,CHE,2024-01-06
125190,BIO,2023-01-24
123619,BIO,2022-05-28
123619,CHE,2025-12-25
124122,HIS,2023-08-22
124122,ENG,2025-05-04
124007,COM,2022-01-07
124007,PHY,2022-07-20
123709,ENG,2023-01-17
123709,PHY,2022-08-28
123862,HIS,2025-05-24
123862,ENGL,2025-05-06
123733,PHY,2025-06-08
123733,COM,2025-01-25
125079,ENGL,2023-05-16
125079,HIS,2025-05-20
125174,ENG,2024-06-16
125117,COM,2025-05-13
125117,PHY,2023-08-05
125000,PHI,2022-06-03
125000,ENGL,2023-06-03
123891,HIS,2024-01-13
123891,PHI,2023-05-05
124914,PHY,2024-08-10
124914,COM,2023-08-10
124004,BIO,2023-12-05
124004,CHE,2023-06-02
124697,ENGL,2025-08-21
123795,HIS,2022-07-07
123795,PHI,2023-06-07
123286,ENG,2022-01-28
123286,PHY,2023-08-10
123559,ENG,2024-12-16
124865,PHY,2022-05-11
124865,COM,2024-07-20
123755,BIO,2024-05-05
124798,ENG,2024-06-20
124798,PHY,2025-05-03
124615,ENGL,2022-01-26
124018,ENGL,2024-01-16
124018,HIS,2024-08-24
125195,HIS,2024-07-08
123900,ENGL,2023-08-12
124361,COM,2022-07-16
124361,PHY,2024-06-09
124341,PHI,2023-08-23
124341,ENG,2022-08-19
123319,PHY,2023-12-13
123319,COM,2022-12-06
124691,BIO,2025-05-15
123776,HIS,2024-07-01
123776,ENG,2025-08-14
124839,CHE,2023-06-26
125102,ENG,2024-06-04
125102,PHY,2024-12-15
124150,PHY,2022-08-26
125115,COM,2024-07-17
125115,PHY,2024-12-08
124230,PHI,2025-01-21
123483,PHY,2025-06-13
123627,ENGL,2023-08-18
123627,PHI,2023-06-24
124453,BIO,2024-05-19
125037,COM,2024-07-14
123427,BIO,2024-01-24
124221,BIO,2024-08-17
123129,PHY,2024-01-14
125155,ENGL,2023-06-26
123582,CHE,2022-07-11
124785,ENG,2025-01-13
124785,PHY,2022-01-27
124801,BIO,2022-01-26
124641,COM,2025-07-17
124477,CHE,2025-01-02
123142,COM,2025-06-21
123514,CHE,2025-07-01
123514,BIO,2023-12-19
123391,ENGL,2024-07-11
124085,ENGL,2024-06-19
123527,BIO,2022-07-12
123527,CHE,2022-12-06
124669,PHY,2022-05-13
124669,ENG,2024-08-10
123347,PHY,2025-05-25
125109,ENGL,2025-06-16
123190,PHY,2025-08-16
125060,CHE,2023-08-13
125060,BIO,2022-06-23
124501,PHY,2024-06-23
125231,COM,2023-07-20
123815,ENGL,2025-05-03
123815,PHI,2024-06-28
123183,PHI,2022-06-03
123837,CHE,2023-07-16
123837,BIO,2023-12-26
124155,ENG,2022-05-15
123348,PHY,2024-12-10
124491,PHI,2023-12-07
124491,ENG,2024-12-22
123860,COM,2023-07-06
123270,PHI,2022-05-21
123977,ENG,2024-01-07
123977,PHY,2022-12-17
124950,PHY,2024-08-13
123705,HIS,2023-01-18
124895,BIO,2025-12-12
123424,ENG,2024-07-01
123999,COM,2022-01-10
124520,PHI,2025-12-16
124520,ENGL,2025-12-10
124465,PHY,2023-07-03
124800,ENG,2022-07-04
124993,COM,2023-12-23
123694,ENG,2022-05-13
123694,PHY,2024-05-06
123903,ENGL,2024-01-22
123629,HIS,2022-08-23
125118,HIS,2024-12-04
124072,CHE,2024-05-02
124575,PHY,2025-06-02
124575,COM,2024-12-21
124936,ENGL,2022-05-02
123429,CHE,2025-08-08
123429,BIO,2023-01-05
124638,PHI,2025-08-15
124638,ENG,2024-07-10
124372,ENGL,2024-01-08
124048,COM,2023-07-16
123431,ENG,2022-05-22
123431,PHY,2022-05-24
124820,CHE,2025-06-14
124549,PHY,2025-05-18
124549,COM,2022-05-09
124748,COM,2022-08-02
124748,PHY,2025-07-21
125250,COM,2024-05-22
124423,HIS,2023-12-13
123981,BIO,2023-01-07
123981,CHE,2024-06-18
123486,CHE,2024-06-16
123971,PHY,2024-08-12
124338,HIS,2022-05-17
124338,ENGL,2025-05-14
125014,HIS,2024-07-17
124566,PHI,2023-07-13
123717,ENG,2025-07-01
123717,PHY,2023-08-22
124008,PHI,2023-01-21
124008,ENG,2023-01-10
124607,PHI,2023-07-13
124607,ENG,2023-07-12
124265,ENG,2022-06-21
124265,PHY,2022-01-11
123801,BIO,2022-12-08
124664,PHY,2023-06-16
124664,ENG,2022-07-09
125052,PHY,2024-06-24
125052,COM,2023-01-02
124878,COM,2023-08-19
124563,ENG,2022-07-09
124563,PHY,2022-05-02
124311,COM,2024-12-08
124548,PHY,2022-01-07
124343,COM,2023-06-07
124343,PHY,2022-12-05
125042,HIS,2025-07-07
124846,COM,2024-07-17
124846,PHY,2022-01-10
124755,ENGL,2023-07-21
124821,PHY,2025-12-11
124821,ENG,2025-08-02
123852,ENG,2025-08-13
123852,PHY,2022-05-08
123285,ENG,2023-08-09
123285,PHY,2023-07-26
124678,CHE,2025-06-27
124502,HIS,2022-08-06
124502,ENG,2025-12-17
123415,PHI,2022-12-08
123415,ENG,2023-08-18
123384,ENGL,2023-05-02
123384,HIS,2025-12-25
124908,ENGL,2022-12-08
125086,CHE,2022-05-08
123854,PHI,2022-06-03
123854,ENG,2022-05-06
123459,PHY,2023-05-07
124375,PHY,2024-06-17
124381,PHY,2024-05-08
123298,COM,2024-06-24
123298,PHY,2025-07-15
123212,COM,2025-12-13
123212,PHY,2023-07-02
124441,PHY,2024-01-02
124686,COM,2023-06-01
125029,PHY,2022-12-17
123752,CHE,2024-05-13
123752,BIO,2023-07-08
125186,COM,2024-01-22
123940,ENGL,2022-12-04
123940,HIS,2023-12-12
124228,ENG,2024-12-11
124721,ENG,2024-08-08
124721,PHY,2025-08-13
124588,PHY,2022-08-27
124588,ENG,2025-01-24
123561,ENGL,2025-08-02
124027,ENGL,2022-06-18
124671,PHY,2024-06-28
124309,COM,2025-12-16
124309,PHY,2025-01-25
124773,COM,2025-05-08
124592,CHE,2024-12-15
124592,BIO,2022-07-25
123824,CHE,2024-05-26
123380,ENG,2025-12-26
125071,PHY,2023-07-23
124833,ENGL,2022-05-19
124552,ENG,2024-12-24
124302,CHE,2023-06-27
125198,ENG,2022-08-19
125198,PHY,2024-06-14
123560,PHI,2025-06-14
123560,ENG,2022-08-04
125137,PHI,2022-07-22
125137,ENG,2025-12-16
123479,PHI,2023-05-19
124489,PHY,2025-07-19
124779,PHY,2023-06-01
124792,ENG,2022-05-17
124792,PHY,2023-05-17
124931,HIS,2024-06-20
124931,ENG,2025-07-01
123571,PHI,2024-06-23
123571,ENGL,2024-12-23
123305,CHE,2025-07-23
123305,BIO,2022-12-07
123792,ENG,2025-07-27
123886,PHY,2025-01-10
123528,COM,2023-12-19
123307,ENGL,2025-06-15
123455,BIO,2025-12-20
124153,HIS,2025-05-09
124379,ENG,2025-06-27
124379,PHY,2024-08-23
124492,COM,2022-06-20
124788,PHY,2022-08-17
123411,CHE,2025-08-21
123283,CHE,2024-05-18
123518,COM,2022-06-13
124610,HIS,2023-08-13
125136,ENG,2025-12-22
124108,ENGL,2024-06-01
124870,COM,2022-05-13
124870,PHY,2023-07-25
123892,PHY,2022-05-08
124406,CHE,2025-06-05
124443,COM,2022-12-18
124081,HIS,2025-05-12
124245,PHY,2023-08-24
124573,COM,2023-06-18
124573,PHY,2022-06-03
124274,HIS,2022-07-27
124683,ENGL,2022-05-02
125185,PHY,2025-06-21
123692,PHI,2024-08-16
124105,COM,2022-07-22
124105,PHY,2023-08-23
125248,PHI,2022-12-12
124609,BIO,2022-08-08
125251,PHI,2024-12-21
125146,BIO,2024-06-25
125146,CHE,2022-06-17
124580,CHE,2024-08-12
124580,BIO,2023-08-11
123555,PHI,2023-06-23
123393,CHE,2022-01-14
123393,BIO,2024-08-16
123961,BIO,2022-05-19
123961,CHE,2025-07-05
125069,BIO,2023-08-13
125069,CHE,2022-05-05
123314,COM,2025-06-17
123314,PHY,2024-07-01
125213,ENG,2025-05-11
124884,PHI,2024-07-20
124148,ENG,2023-12-04
124148,PHY,2023-01-18
123545,ENG,2025-08-02
124909,HIS,2025-12-18
125105,HIS,2025-05-20
125105,PHI,2023-07-26
124344,PHI,2022-01-20
124344,ENGL,2023-07-16
123430,HIS,2024-01-21
123430,ENGL,2022-07-16
124853,HIS,2023-06-17
124853,PHI,2024-07-18
123327,ENG,2023-05-26
123327,PHY,2025-07-17
124752,PHI,2023-12-03
124752,ENGL,2025-12-08
123809,ENG,2025-08-01
123948,PHY,2025-05-17
123948,COM,2023-07-24
125012,COM,2025-08-20
124313,PHY,2024-01-21
124313,ENG,2023-05-04
124589,CHE,2023-08-28
124589,BIO,2024-06-02
124712,PHY,2023-07-12
124712,COM,2025-07-02
124334,ENG,2022-06-04
124059,CHE,2023-07-26
124996,ENG,2022-01-18
123249,ENG,2023-08-22
123249,PHY,2023-12-20
124471,ENG,2024-12-18
123310,ENGL,2023-06-25
125064,BIO,2023-05-11
125064,CHE,2024-07-17
123535,ENG,2022-06-03
123535,PHY,2024-01-24
123783,PHI,2023-08-14
123783,ENGL,2022-07-26
124286,HIS,2024-05-01
124286,ENG,2024-07-27
125010,BIO,2024-07-13
125010,CHE,2024-07-26
123227,COM,2024-06-08
123227,PHY,2025-01-03
124141,ENGL,2023-12-18
124337,COM,2022-07-25
123729,ENGL,2025-01-17
124296,HIS,2022-05-26
124296,PHI,2025-07-01
125116,COM,2022-12-09
125116,PHY,2024-05-16
123969,CHE,2025-01-05
123128,PHI,2024-05-06
124462,ENGL,2025-01-11
124815,ENG,2023-07-11
124815,PHY,2025-05-23
124022,COM,2023-06-26
124022,PHY,2025-05-16
123679,CHE,2025-01-24
123679,BIO,2024-07-04
124637,BIO,2023-05-06
123365,HIS,2022-07-21
123365,PHI,2022-12-09
124454,PHY,2022-08-27
124454,COM,2022-06-16
124384,COM,2024-12-19
124384,PHY,2024-12-27
123548,HIS,2025-08-15
123548,PHI,2024-01-13
124932,PHY,2024-01-20
124932,ENG,2023-08-08
124203,PHY,2024-07-06
124203,COM,2024-06-23
123596,PHI,2024-06-26
123265,HIS,2025-05-20
123265,PHI,2024-08-08
124322,CHE,2024-05-28
124322,BIO,2022-01-03
123682,PHI,2022-12-05
123313,ENG,2024-01-01
123313,PHY,2025-05-07
125006,PHY,2022-08-24
124023,COM,2022-01-11
124023,PHY,2022-01-12
123338,ENGL,2022-12-02
123858,PHI,2022-12-21
123857,ENG,2023-01-26
123591,BIO,2022-08-16
125019,PHY,2024-07-20
125019,COM,2022-12-27
124283,HIS,2024-01-18
124584,BIO,2025-07-27
123378,ENGL,2024-07-28
124672,ENGL,2024-12-23
124672,PHI,2024-01-25
124938,ENG,2022-06-20
124938,PHY,2025-05-12
123564,HIS,2024-12-07
124980,HIS,2022-07-09
124980,PHI,2025-07-25
124000,ENG,2022-01-03
123928,PHI,2025-01-18
123638,CHE,2023-12-02
123638,BIO,2023-06-24
123728,COM,2024-12-09
123198,PHY,2025-06-19
123198,ENG,2023-06-20
123716,HIS,2022-05-18
123716,ENG,2022-07-27
124657,PHI,2025-01-08
123149,CHE,2025-12-23
124182,PHY,2022-07-20
124371,PHY,2023-05-08
124481,PHY,2024-08-23
123489,ENG,2024-06-13
123352,BIO,2024-05-13
124260,CHE,2024-07-27
124260,BIO,2022-01-06
124555,COM,2024-08-14
124555,PHY,2023-07-21
123673,BIO,2024-08-21
123673,CHE,2023-01-21
124353,PHI,2022-12-07
123949,PHI,2025-12-21
124594,CHE,2025-05-07
124594,BIO,2022-01-07
123732,COM,2024-05-18
124053,COM,2024-07-08
124053,PHY,2022-07-11
123883,ENG,2023-08-18
124806,HIS,2022-06-04
124013,COM,2024-05-17
124982,HIS,2024-06-18
124982,ENGL,2022-01-14
124525,HIS,2025-06-18
124505,COM,2024-06-25
124505,PHY,2022-08-20
123625,ENGL,2022-01-16
123625,PHI,2024-05-17
123841,PHY,2022-05-21
123841,COM,2023-06-03
124625,ENG,2023-12-25
123211,CHE,2023-12-15
123211,BIO,2023-05-02
123856,HIS,2022-05-11
124722,PHI,2023-05-24
123690,ENGL,2024-08-11
123690,PHI,2022-08-24
124055,PHI,2025-07-09
124867,BIO,2024-08-18
125073,CHE,2023-01-02
123509,PHY,2023-12-19
124014,HIS,2025-08-02
124014,ENGL,2024-07-02
124143,PHY,2022-12-28
124143,ENG,2022-07-14
123544,ENGL,2025-06-12
124232,ENG,2022-12-09
124232,PHY,2023-08-26
123720,BIO,2023-05-20
123320,COM,2022-08-27
123320,PHY,2025-06-22
124107,COM,2022-05-16
124892,ENGL,2024-01-25
124883,PHI,2022-08-28
124883,ENG,2025-12-08
124939,CHE,2024-05-01
124939,BIO,2023-01-06
123855,PHY,2022-12-17
123741,ENG,2024-08-22
123741,PHY,2022-08-01
123644,HIS,2024-12-04
123644,ENG,2023-12-04
123620,ENG,2024-08-12
123195,COM,2025-07-24
124943,PHY,2023-12-19
124943,COM,2024-05-27
125120,PHY,2023-08-28
124807,COM,2023-07-13
124807,PHY,2024-05-13
124955,PHI,2022-05-14
124612,PHI,2023-01-25
123725,PHI,2023-01-22
123725,ENGL,2024-08-17
124810,BIO,2022-07-23
124916,CHE,2023-08-20
124916,BIO,2022-07-02
123594,COM,2024-07-24
123594,PHY,2022-05-08
124942,ENG,2022-01-03
123767,PHI,2025-08-05
123767,ENG,2025-01-09
124090,HIS,2022-06-26
124090,ENG,2025-07-11
125024,PHY,2022-05-02
125024,ENG,2023-05-05
123315,ENGL,2025-01-23
123315,PHI,2025-12-03
124351,PHY,2025-08-09
124268,PHY,2023-08-25
124268,COM,2025-12-01
124282,BIO,2024-12-18
124771,BIO,2022-07-23
124771,CHE,2024-06-03
124915,BIO,2025-05-28
124181,COM,2024-08-05
123333,COM,2023-12-14
124389,PHI,2022-08-17
124389,ENGL,2023-05-11
123838,CHE,2023-12-09
123838,BIO,2023-12-01
124131,PHI,2025-08-02
123221,CHE,2023-12-20
123221,BIO,2025-01-25
124847,ENGL,2025-08-24
124847,HIS,2022-01-16
123184,BIO,2022-01-11
123184,CHE,2025-08-15
124051,CHE,2023-05-28
124051,BIO,2025-12-21
123579,PHY,2023-12-15
123449,HIS,2022-06-01
123449,ENGL,2024-01-07
123237,PHI,2025-08-19
123237,ENG,2023-06-13
123135,HIS,2024-05-23
123199,COM,2023-08-27
123758,COM,2024-07-18
123758,PHY,2023-05-11
123517,CHE,2022-06-16
123517,BIO,2023-07-02
124369,COM,2025-12-05
124369,PHY,2025-12-28
123768,BIO,2023-12-02
124095,HIS,2024-12-22
124095,ENG,2025-06-07
124142,BIO,2023-06-09
124225,HIS,2022-05-12
123996,BIO,2024-08-14
124360,PHY,2022-12-16
124360,ENG,2024-08-22
125074,BIO,2024-05-21
125074,CHE,2022-06-20
123851,CHE,2024-12-02
123464,PHY,2022-08-13
124728,COM,2023-07-02
124728,PHY,2025-06-04
124098,BIO,2022-06-03
124098,CHE,2025-07-21
123293,ENGL,2024-12-19
124210,PHY,2025-12-17
124656,ENG,2023-12-15
124106,ENG,2022-01-04
123317,HIS,2023-12-08
123317,ENG,2024-07-15
124787,COM,2025-06-26
123696,COM,2025-01-11
123696,PHY,2022-06-16
123358,ENG,2023-05-21
123177,PHY,2023-12-10
124904,ENG,2022-07-06
124069,ENGL,2025-12-08
125099,HIS,2023-01-13
123442,BIO,2025-01-26
123710,BIO,2025-12-15
123710,CHE,2024-01-12
124949,HIS,2023-05-21
124772,ENG,2022-08-01
124772,PHY,2024-12-06
125039,CHE,2024-05-28
125039,BIO,2022-06-24
124434,PHI,2024-01-27
124434,ENGL,2023-07-21
123652,ENG,2025-05-24
123652,PHY,2025-07-14
124557,COM,2023-12-26
124479,BIO,2024-06-13
124479,CHE,2025-01-01
123684,ENG,2024-07-21
124606,HIS,2022-01-10
124822,COM,2025-12-11
124822,PHY,2025-05-14
124841,PHI,2024-05-28
123389,CHE,2022-06-04
123660,ENG,2024-05-06
124046,COM,2023-05-15
124046,PHY,2023-07-07
123300,CHE,2022-05-22
124775,CHE,2024-12-08
123448,COM,2024-07-05
123580,ENGL,2024-08-25
123580,PHI,2025-07-23
123379,HIS,2022-07-11
124574,PHY,2025-07-19
124574,COM,2024-08-22
124439,PHY,2022-07-13
124439,COM,2022-08-12
123334,PHI,2022-12-02
125022,COM,2025-07-17
125022,PHY,2025-07-20
125167,ENGL,2024-07-19
123515,PHI,2022-01-03
123515,ENG,2022-12-15
123169,COM,2024-06-07
123326,COM,2024-05-09
123159,ENG,2023-07-08
124240,ENG,2025-08-17
124240,PHY,2022-12-13
124327,HIS,2022-01-23
123553,CHE,2023-06-01
123653,BIO,2023-07-08
123653,CHE,2022-07-20
123434,COM,2022-08-16
124962,BIO,2023-05-10
124962,CHE,2025-12-06
124349,PHY,2023-05-17
124349,ENG,2022-07-16
125107,HIS,2022-05-25
124215,HIS,2022-07-24
124215,ENGL,2023-06-01
125237,HIS,2024-06-16
125237,PHI,2023-07-23
124866,COM,2024-07-09
125067,BIO,2025-05-22
125122,HIS,2024-12-22
123188,ENGL,2025-08-06
123188,PHI,2023-01-05
124613,COM,2025-01-09
123261,COM,2024-08-16
123261,PHY,2025-05-16
124035,PHI,2023-05-19
124005,HIS,2023-07-15
124005,ENGL,2022-08-15
125140,PHY,2025-12-04
125140,ENG,2023-12-25
125212,ENG,2025-12-13
124312,ENG,2022-01-15
124836,COM,2024-05-22
124836,PHY,2023-08-01
125211,CHE,2024-07-10
123765,PHI,2025-08-24
123765,ENGL,2022-08-02
124790,ENG,2022-12-13
124790,PHY,2023-05-14
123373,ENGL,2024-08-06
124087,HIS,2022-12-28
124087,PHI,2025-07-21
123899,COM,2023-01-23
123899,PHY,2022-05-21
124233,PHY,2025-08-16
124842,COM,2024-06-03
123375,PHY,2023-08-01
123375,COM,2024-07-13
125061,CHE,2025-12-17
123719,ENGL,2025-06-11
123719,HIS,2022-08-10
125080,ENG,2024-05-27
123406,ENG,2023-12-01
123406,PHY,2023-06-10
124578,BIO,2024-12-11
124578,CHE,2025-12-11
123390,PHY,2023-08-12
124123,ENG,2023-12-16
124123,PHY,2023-08-14
124855,CHE,2025-06-18
124837,BIO,2022-07-13
123219,ENGL,2022-06-27
125096,PHI,2023-05-11
125096,ENGL,2023-07-23
123822,HIS,2023-12-22
124605,HIS,2025-06-14
124582,CHE,2024-05-11
124582,BIO,2025-08-18
124461,COM,2023-06-01
124461,PHY,2022-06-06
123992,BIO,2023-12-16
123992,CHE,2024-01-24
123672,PHI,2022-01-22
123672,ENGL,2024-07-05
123960,COM,2025-12-12
124519,ENGL,2023-07-20
124470,COM,2022-06-24
123688,ENGL,2025-05-19
124440,CHE,2025-08-26
123151,PHY,2024-08-18
123151,ENG,2024-01-06
123901,ENGL,2025-08-22
123669,ENG,2024-08-04
125008,COM,2025-06-20
125008,PHY,2024-12-02
124516,COM,2022-01-14
124630,COM,2024-06-12
124630,PHY,2023-05-27
123798,PHI,2023-01-05
123209,CHE,2023-01-11
123209,BIO,2023-05-28
123924,BIO,2023-08-26
123924,CHE,2025-01-26
124812,PHY,2023-01-25
124812,ENG,2022-08-17
125236,COM,2022-05-05
125236,PHY,2023-07-05
124727,BIO,2022-01-04
123868,ENG,2024-05-22
124614,HIS,2022-08-25
124614,ENGL,2022-07-05
123153,ENG,2024-08-28
123153,PHY,2024-07-03
123170,HIS,2024-12-28
123170,ENGL,2025-06-04
125017,CHE,2025-01-25
124083,CHE,2023-07-19
124456,PHY,2025-07-24
123164,PHI,2022-12-19
124279,ENGL,2022-07-02
124279,PHI,2025-05-21
124976,ENG,2023-01-20
124976,PHY,2025-06-24
123192,CHE,2023-07-16
123192,BIO,2024-06-19
124356,COM,2022-08-24
123382,PHY,2022-05-19
123382,ENG,2024-05-08
123461,BIO,2024-08-04
123461,CHE,2022-08-06
124651,COM,2023-08-02
124651,PHY,2023-01-21
124130,ENG,2025-12-15
124130,PHY,2024-12-03
123350,BIO,2024-07-03
123350,CHE,2024-12-24
124229,ENG,2024-12-20
124859,PHY,2025-08-18
124859,COM,2023-07-27
124248,BIO,2022-06-10
124248,CHE,2022-08-21
123549,ENGL,2023-07-11
123228,ENG,2024-05-07
123228,PHY,2025-07-23
124026,ENGL,2023-07-28
124026,PHI,2024-05-23
124888,ENGL,2024-01-06
123950,HIS,2024-01-03
123950,ENG,2025-07-09
124893,PHY,2023-08-16
124893,ENG,2025-05-28
123385,PHI,2023-05-06
125030,ENGL,2025-05-09
125030,PHI,2022-08-05
124934,BIO,2022-12-10
124934,CHE,2024-08-27
125034,PHY,2023-06-07
125164,ENG,2024-01-21
125164,PHY,2025-12-13
124102,COM,2023-12-20
124102,PHY,2025-07-06
123463,PHI,2024-06-13
124357,CHE,2023-08-13
124357,BIO,2023-01-14
123658,HIS,2022-05-21
123658,PHI,2022-05-16
124272,COM,2022-06-01
124272,PHY,2023-01-04
123408,PHY,2025-06-03
123408,ENG,2025-06-04
125194,ENG,2023-01-03
125194,PHY,2023-12-12
124696,PHI,2025-06-23
123189,PHY,2024-08-02
124154,HIS,2024-12-27
125177,BIO,2025-01-03
125177,CHE,2025-12-05
123276,BIO,2022-06-25
123276,CHE,2023-01-24
125054,PHI,2022-07-28
125054,ENGL,2022-06-21
125181,ENG,2024-01-25
124137,PHI,2025-07-04
124137,ENGL,2025-12-17
124378,CHE,2023-05-13
123816,ENG,2025-01-24
123978,ENGL,2023-12-07
123978,HIS,2024-07-19
123754,BIO,2024-05-07
123123,HIS,2025-12-13
123123,ENG,2024-01-06
124674,ENGL,2022-08-09
124407,ENGL,2025-07-17
124407,HIS,2022-06-27
124020,ENGL,2024-05-15
124020,PHI,2023-01-09
124413,PHY,2023-07-15
124413,COM,2025-05-26
123278,CHE,2023-12-22
123278,BIO,2025-08-17
125232,PHY,2025-06-14
125232,ENG,2024-01-06
124475,ENGL,2022-07-01
123251,COM,2024-05-04
123251,PHY,2023-08-11
124751,HIS,2025-12-08
124662,BIO,2023-07-26
124986,ENGL,2025-07-02
123995,PHY,2023-05-10
124741,PHI,2024-08-17
124741,ENGL,2022-01-13
124395,BIO,2024-12-05
123245,PHI,2022-05-11
123245,ENG,2022-05-03
124278,BIO,2025-01-05
123800,PHY,2022-06-13
123800,ENG,2023-12-15
123997,ENGL,2023-05-08
124435,PHY,2025-06-04
124377,PHY,2025-08-02
124377,COM,2022-06-14
124376,BIO,2023-01-21
124290,PHI,2022-01-22
124756,PHY,2025-06-09
124414,PHY,2024-01-22
124414,COM,2023-06-26
124415,ENGL,2024-06-28
124707,COM,2022-05-14
124707,PHY,2022-01-20
125004,COM,2025-07-20
125004,PHY,2022-07-24
123422,BIO,2025-08-23
124301,ENGL,2024-05-12
123727,PHY,2025-08-23
123473,PHY,2024-06-28
123473,COM,2022-01-24
124206,PHY,2024-08-05
124206,ENG,2023-05-23
123353,PHY,2025-05-09
123353,ENG,2022-08-17
124147,PHI,2022-05-05
124147,ENGL,2023-08-22
123916,ENG,2023-12-01
123916,PHY,2024-06-16
125077,ENG,2025-08-01
123469,COM,2024-05-27
123469,PHY,2023-05-10
123943,ENG,2023-12-24
123846,CHE,2022-07-09
125235,COM,2024-12-01
125235,PHY,2022-08-15
123844,BIO,2023-06-13
123844,CHE,2024-07-20
124202,COM,2023-08-03
123148,HIS,2025-07-03
123148,ENGL,2023-05-04
124811,ENGL,2025-07-19
123908,COM,2024-05-11
123908,PHY,2022-05-04
123799,HIS,2024-12-28
123799,ENGL,2022-07-05
125143,ENG,2022-06-18
125143,PHY,2022-01-20
124243,ENGL,2022-06-15
124243,PHI,2023-08-19
124967,BIO,2022-12-02
124093,HIS,2023-07-15
124093,PHI,2025-08-06
124711,HIS,2023-07-23
124711,ENGL,2024-01-18
124078,PHY,2025-06-15
124078,COM,2025-08-17
123647,BIO,2022-06-28
123647,CHE,2023-01-23
124690,COM,2025-06-17
124409,ENGL,2024-06-23
124409,HIS,2023-07-20
124103,ENG,2024-08-21
124103,PHY,2024-06-13
124906,ENGL,2023-07-15
124437,PHY,2025-01-19
123848,COM,2023-05-06
125244,HIS,2023-05-12
125244,ENG,2022-12-04
123124,ENG,2022-05-24
123927,PHI,2025-05-23
124254,PHI,2022-05-05
124254,ENG,2023-01-10
123739,ENG,2025-06-26
123739,PHY,2025-01-23
123721,HIS,2023-07-26
123721,ENG,2023-07-17
124482,CHE,2024-01-14
125033,ENG,2022-01-06
124742,HIS,2024-06-20
124742,ENGL,2025-12-21
123569,CHE,2024-01-22
123592,BIO,2022-06-11
124365,COM,2025-12-25
124365,PHY,2025-05-21
124472,PHI,2023-05-07
124978,ENG,2025-01-05
124978,PHY,2022-07-06
123181,BIO,2023-01-21
124713,PHI,2022-06-19
123590,PHY,2022-08-16
124010,PHI,2023-12-27
124328,ENGL,2023-01-08
123248,COM,2024-05-19
123248,PHY,2024-05-11
125045,BIO,2023-06-23
125045,CHE,2023-12-11
124685,BIO,2023-12-13
124835,ENGL,2022-12-09
124990,ENGL,2022-06-01
123144,CHE,2025-05-19
124445,HIS,2022-12-22
124445,ENGL,2024-01-04
125097,CHE,2025-05-20
125189,ENGL,2024-05-21
125189,HIS,2025-01-15
124264,ENGL,2022-05-14
124264,PHI,2023-01-12
124724,ENGL,2022-08-16
124724,PHI,2025-01-02
124043,PHY,2022-06-26
124043,COM,2022-01-07
123525,PHY,2024-08-06
123525,COM,2023-05-21
123597,ENG,2023-01-06
123597,PHY,2023-08-03
125134,ENGL,2023-05-06
125134,PHI,2023-01-13
123866,BIO,2023-01-08
123866,CHE,2022-07-16
123374,CHE,2024-05-16
123236,PHI,2023-05-12
124284,PHY,2024-01-23
124796,COM,2022-07-04
124796,PHY,2022-12-19
124703,CHE,2024-06-22
124827,CHE,2023-06-27
124827,BIO,2023-12-09
123162,HIS,2024-06-03
123480,PHI,2023-07-04
123480,ENGL,2025-07-26
125159,PHI,2025-08-07
125159,ENGL,2024-01-25
123954,PHY,2025-06-01
123954,ENG,2022-08-05
124129,ENGL,2022-05-07
124262,PHY,2022-05-13
123575,COM,2022-01-09
123575,PHY,2022-08-15
124830,CHE,2024-06-05
125075,ENGL,2023-01-11
123637,HIS,2023-06-09
125103,BIO,2025-06-13
125103,CHE,2025-07-22
124237,PHY,2022-01-09
123330,BIO,2025-07-10
124736,PHI,2022-08-16
124736,ENGL,2025-06-12
124677,COM,2022-01-23
123797,BIO,2024-07-22
123797,CHE,2024-08-19
124933,BIO,2025-06-23
124933,CHE,2023-07-03
124918,BIO,2022-01-26
124918,CHE,2023-12-21
124177,ENG,2024-01-11
124989,PHY,2022-06-25
124965,ENG,2025-05-21
124965,PHY,2024-01-10
124579,BIO,2022-08-20
124579,CHE,2022-07-15
124776,PHY,2022-01-02
124776,ENG,2023-06-09
124850,CHE,2023-12-19
124850,BIO,2023-08-28
124429,ENGL,2025-01-10
123368,ENG,2022-08-18
124774,CHE,2023-05-16
123176,PHY,2025-01-24
124275,BIO,2025-08-05
124275,CHE,2023-12-27
125084,COM,2024-01-10
125084,PHY,2025-07-26
123693,BIO,2023-01-09
123609,PHI,2024-06-10
124331,ENGL,2023-12-04
124019,HIS,2025-07-06
124019,ENG,2024-06-14
124249,BIO,2023-07-28
124308,HIS,2023-01-26
124308,ENG,2023-01-20
123616,COM,2025-07-24
123616,PHY,2023-06-01
124466,ENGL,2024-05-01
123843,PHY,2023-05-04
123543,HIS,2023-08-20
123543,PHI,2023-05-01
123756,PHY,2023-12-01
123756,COM,2025-01-18
123887,COM,2025-05-27
123887,PHY,2024-05-19
124134,CHE,2025-05-04
124134,BIO,2022-01-04
123472,PHY,2023-07-18
123472,ENG,2025-01-11
124803,ENG,2024-12-20
124803,PHY,2022-12-14
124292,PHY,2023-12-14
124292,ENG,2024-01-10
124537,BIO,2024-07-10
124001,COM,2023-05-23
124001,PHY,2023-07-22
123642,COM,2025-01-28
123642,PHY,2025-07-20
125225,BIO,2025-12-05
125210,PHY,2023-01-21
125210,COM,2023-05-04
124858,ENG,2023-07-11
124858,PHY,2025-07-08
124003,HIS,2024-01-20
124003,ENGL,2025-06-04
124024,ENG,2022-12-08
124024,PHY,2025-01-09
124324,ENGL,2023-05-22
124040,ENG,2022-01-13
124040,PHY,2024-08-07
123763,COM,2023-07-07
123763,PHY,2022-01-06
125233,COM,2023-07-04
125233,PHY,2024-07-20
124567,COM,2025-12-16
124975,ENGL,2025-07-12
123953,ENGL,2025-07-07
123953,PHI,2025-12-09
123196,ENG,2025-01-23
123196,PHY,2023-12-23
125245,PHY,2024-12-15
125245,ENG,2023-01-09
124695,PHI,2025-12-17
123516,ENG,2022-07-21
124522,HIS,2024-01-20
124522,ENGL,2025-08-09
123252,PHY,2023-06-12
125101,PHI,2025-06-23
123587,ENGL,2024-07-12
123938,HIS,2024-07-11
123150,PHI,2024-06-21
124183,PHI,2023-08-22
123636,PHY,2023-12-08
123636,COM,2024-05-15
124693,COM,2024-07-20
124693,PHY,2024-05-06
123397,BIO,2022-06-15
123397,CHE,2023-06-14
124623,ENG,2022-01-18
123708,COM,2024-12-10
123708,PHY,2025-05-19
123269,ENGL,2024-07-16
123540,ENG,2023-08-05
123540,PHY,2025-05-04
124758,ENGL,2025-05-20
124758,HIS,2024-08-25
124987,ENG,2023-08-17
124987,PHY,2023-06-14
124876,BIO,2022-05-11
123203,COM,2023-12-11
123203,PHY,2022-05-22
123304,PHY,2025-07-13
123304,ENG,2024-01-05
124495,COM,2024-12-25
124708,BIO,2024-05-13
123556,PHY,2025-08-18
125062,PHY,2024-06-21
125062,ENG,2022-05-23
124455,CHE,2024-12-10
124817,BIO,2025-01-12
123216,PHY,2024-01-24
123803,BIO,2024-01-08
124348,PHY,2024-12-23
123225,CHE,2025-05-18
123225,BIO,2024-05-23
124011,COM,2022-07-10
123343,COM,2024-05-28
124881,CHE,2025-12-24
124881,BIO,2025-05-24
124896,BIO,2022-06-25
124593,HIS,2024-01-09
124342,ENG,2022-12-07
124342,PHY,2023-07-05
124166,ENG,2025-06-09
124166,PHY,2024-01-13
125141,CHE,2025-06-05
125141,BIO,2024-07-08
125196,ENG,2024-05-17
123407,ENG,2023-12-01
124845,BIO,2023-01-06
124845,CHE,2025-07-09
123849,HIS,2023-01-04
123454,PHY,2025-07-11
123454,COM,2023-05-23
123233,BIO,2022-12-13
124208,ENG,2022-05-13
124208,PHY,2022-12-24
123913,ENGL,2024-08-28
123913,PHI,2023-08-06
124546,PHI,2023-06-07
125253,COM,2022-01-15
125253,PHY,2024-07-08
123425,PHI,2025-08-22
123425,ENGL,2023-06-02
125165,BIO,2022-05-07
125165,CHE,2025-12-11
123336,ENGL,2022-01-21
123336,PHI,2022-05-19
124753,PHI,2023-07-17
124753,ENG,2022-12-15
124115,CHE,2024-01-11
124115,BIO,2022-05-26
125224,HIS,2022-08-15
125257,ENG,2023-12-27
123973,COM,2022-08-24
124464,ENGL,2024-06-08
124464,PHI,2022-06-09
123780,HIS,2025-08-26
124034,HIS,2024-08-13
124266,HIS,2025-07-14
124446,PHY,2022-08-04
124446,ENG,2022-12-08
123539,PHY,2022-12-25
124517,ENG,2024-08-14
124517,PHY,2022-08-06
123172,ENGL,2022-12-09
123156,PHY,2024-08-10
124179,CHE,2022-12-19
124179,BIO,2025-12-02
123769,ENG,2024-06-06
123726,BIO,2023-01-10
123208,HIS,2023-06-06
124044,PHI,2022-01-11
124044,ENGL,2023-07-05
124765,ENG,2024-12-01
124947,ENG,2022-12-24
125040,PHI,2022-01-11
125040,ENG,2025-07-17
124577,COM,2024-01-24
124577,PHY,2023-12-25
124889,PHY,2022-12-02
124871,BIO,2022-08-04
124871,CHE,2023-07-02
123945,COM,2024-07-13
124700,PHY,2022-06-07
124700,COM,2023-12-25
123617,CHE,2024-05-13
123563,COM,2024-12-25
123563,PHY,2022-12-25
123743,PHI,2022-01-28
123743,ENGL,2023-07-23
124834,PHI,2025-08-13
124834,ENG,2023-06-21
124570,COM,2022-01-13
124570,PHY,2023-08-19
124542,CHE,2023-07-28
124542,BIO,2022-12-19
123531,ENG,2023-01-04
123531,PHY,2022-07-13
123426,ENGL,2023-12-26
124152,CHE,2022-08-27
124152,BIO,2023-08-17
124733,HIS,2022-07-25
124733,ENGL,2022-08-13
124622,CHE,2024-08-04
124622,BIO,2024-06-19
124715,HIS,2023-06-15
124480,ENGL,2023-05-06
124480,HIS,2025-01-25
124797,ENGL,2025-01-18
124797,HIS,2024-08-21
124271,CHE,2024-12-28
124271,BIO,2022-05-28
124188,PHY,2024-07-04
125170,COM,2023-01-07
125170,PHY,2022-06-23
124412,COM,2024-05-22
124412,PHY,2025-08-03
125227,ENG,2023-01-25
123831,PHI,2022-12-27
123831,ENGL,2024-08-07
123405,PHY,2022-05-19
123504,PHI,2023-01-19
123504,ENG,2023-07-11
125256,COM,2025-05-17
125256,PHY,2022-05-09
123634,ENGL,2025-05-08
124554,PHY,2025-12-09
123876,ENG,2025-06-16
124397,ENGL,2025-12-21
125142,ENGL,2024-12-01
124692,ENGL,2025-07-23
124692,HIS,2025-05-25
123674,PHY,2022-12-12
124901,BIO,2023-12-21
124901,CHE,2025-01-13
125068,COM,2025-08-28
125068,PHY,2024-05-28
124944,COM,2024-01-07
124944,PHY,2024-05-15
123812,HIS,2022-12-05
123812,ENG,2024-07-16
123428,PHY,2023-12-26
123303,PHY,2024-05-13
123125,ENGL,2022-05-17
123125,HIS,2023-07-22
124216,CHE,2023-01-18
124762,COM,2024-08-26
123624,ENGL,2022-08-25
123376,PHI,2024-06-22
123595,ENGL,2024-01-11
123595,PHI,2024-08-19
123457,PHI,2025-07-05
125222,HIS,2025-06-25
125222,ENGL,2022-07-01
124226,CHE,2024-01-05
124226,BIO,2023-07-09
123359,ENGL,2025-07-10
123259,ENGL,2022-12-02
124527,PHI,2022-01-21
124550,PHI,2023-01-04
124550,ENG,2023-05-05
124261,ENG,2025-07-28
124261,PHY,2023-06-04
123242,ENGL,2025-08-11
124726,COM,2024-06-14
125149,ENG,2024-05-20
125149,PHY,2025-06-12
124585,COM,2025-06-19
124585,PHY,2025-08-07
124484,PHY,2023-01-01
123632,CHE,2022-01-04
123632,BIO,2025-07-14
123423,COM,2023-01-24
123423,PHY,2024-07-15
123484,CHE,2022-07-28
123484,BIO,2025-01-16
123456,PHY,2024-08-25
123456,COM,2024-07-10
123897,ENG,2023-06-19
124430,PHI,2025-01-13
124430,ENG,2023-01-16
123292,ENG,2025-12-21
123496,PHY,2024-06-24
124373,COM,2024-06-02
124373,PHY,2023-06-14
124872,BIO,2022-01-15
124872,CHE,2022-12-07
123861,COM,2023-08-25
124795,ENG,2023-06-23
123748,COM,2024-12-10
123748,PHY,2024-01-16
125126,PHI,2025-07-19
125126,ENG,2024-12-09
124723,ENG,2025-06-25
124723,PHY,2023-01-17
123523,BIO,2022-01-07
123413,ENG,2024-05-25
124572,COM,2023-06-27
124572,PHY,2025-08-02
124168,PHI,2022-05-22
124168,ENG,2025-12-01
125201,PHY,2025-01-13
123538,CHE,2022-07-27
124038,COM,2025-06-05
123264,ENG,2024-07-14
123264,PHY,2024-07-02
123936,COM,2023-05-03
123936,PHY,2024-01-22
123744,COM,2025-08-14
124140,PHY,2024-01-06
124490,BIO,2025-07-22
124490,CHE,2022-05-14
123889,COM,2023-08-07
123889,PHY,2023-05-03
124504,HIS,2025-08-27
125240,BIO,2024-06-16
125240,CHE,2023-05-18
124919,PHY,2025-06-16
124919,ENG,2025-12-24
124840,PHI,2022-07-24
124840,ENG,2023-08-15
124601,PHY,2024-01-06
124601,ENG,2025-05-07
123781,ENG,2024-05-05
124273,HIS,2023-08-20
124273,ENG,2025-08-16
124828,BIO,2025-01-17
124828,CHE,2023-08-02
123934,HIS,2025-12-17
123918,BIO,2024-05-18
123918,CHE,2024-06-22
125203,CHE,2023-01-03
123234,PHI,2025-06-10
123234,ENGL,2025-07-06
123975,ENGL,2022-01-20
123975,HIS,2022-07-22
124355,COM,2023-12-08
124171,ENGL,2024-01-23
124306,ENG,2022-01-21
123827,HIS,2023-08-22
123827,ENG,2024-05-19
125259,ENG,2025-12-24
125259,PHY,2022-07-22
123244,HIS,2023-12-08
124151,PHY,2023-05-27
124159,COM,2023-08-24
124219,ENG,2023-12-18
124219,PHY,2023-01-26
124305,HIS,2023-01-18
124305,PHI,2022-08-13
123446,PHY,2023-07-10
124597,COM,2023-12-23
123452,HIS,2022-06-27
123452,PHI,2024-06-23
125150,COM,2024-06-12
124029,PHI,2024-01-17
124029,ENGL,2024-01-05
124960,COM,2024-05-09
125229,ENGL,2022-06-06
125229,PHI,2025-06-15
124604,ENGL,2023-06-28
124604,HIS,2023-12-22
125111,PHI,2022-01-11
125111,ENG,2025-12-08
124067,BIO,2023-01-03
124067,CHE,2025-05-09
125151,COM,2024-08-27
125151,PHY,2022-06-17
124730,COM,2025-01-16
123680,COM,2022-07-03
123231,PHY,2024-05-14
124410,COM,2025-12-19
124666,HIS,2025-08-02
124666,ENG,2022-06-06
125128,ENG,2023-05-01
125173,BIO,2025-06-16
125173,CHE,2025-01-19
123166,ENGL,2023-08-08
124041,ENGL,2023-06-01
124041,HIS,2022-08-14
124025,BIO,2025-05-08
124025,CHE,2024-01-05
124659,BIO,2023-12-16
124380,PHY,2024-08-04
124380,COM,2023-01-25
125044,ENGL,2022-12-04
125044,HIS,2025-06-19
123932,COM,2022-07-07
123932,PHY,2023-07-24
123586,ENGL,2023-05-12
124432,ENGL,2025-01-12
124432,PHI,2025-01-26
123511,PHY,2023-12-03
123511,ENG,2022-08-25
123764,CHE,2022-08-10
123764,BIO,2022-12-28
124408,BIO,2025-12-22
124408,CHE,2024-08-25
123601,PHY,2024-06-18
123601,COM,2025-08-12
125182,BIO,2024-01-03
125153,ENGL,2023-01-11
123524,COM,2024-07-04
123730,CHE,2022-07-11
123420,PHI,2022-08-11
123420,ENG,2024-07-16
123753,PHI,2025-12-03
123753,ENGL,2024-05-04
123253,ENG,2022-05-27
124077,BIO,2025-08-26
124077,CHE,2023-05-07
124951,COM,2022-12-10
124951,PHY,2024-01-02
125066,ENGL,2023-05-10
123371,BIO,2025-07-25
123371,CHE,2025-07-12
123410,BIO,2022-06-12
123145,CHE,2024-05-19
123145,BIO,2025-07-04
123163,ENGL,2024-05-04
123163,HIS,2023-05-07
125215,PHY,2022-01-02
125215,COM,2022-08-28
124390,COM,2022-12-26
123761,ENGL,2025-01-03
123263,PHY,2023-05-22
123263,ENG,2022-07-26
124984,PHY,2023-06-24
124984,ENG,2022-06-27
124293,CHE,2023-01-12
123182,PHI,2022-06-04
123182,ENG,2023-07-06
125188,HIS,2025-07-25
123193,PHI,2025-12-14
123193,ENG,2023-12-03
123226,BIO,2022-07-12
124979,HIS,2022-06-28
124979,PHI,2024-01-06
123309,BIO,2024-07-20
123309,CHE,2025-06-10
123557,PHI,2025-07-08
123210,COM,2025-07-05
123210,PHY,2025-12-02
123279,PHY,2024-06-03
123912,ENG,2024-01-18
123912,PHY,2022-05-22
123230,ENGL,2022-07-22
124956,ENG,2022-12-17
123691,BIO,2022-12-22
123878,PHY,2024-05-07
124655,COM,2024-05-22
124655,PHY,2025-01-22
124524,ENG,2024-07-17
124524,PHY,2024-12-05
123850,CHE,2025-01-09
123850,BIO,2024-01-25
123165,HIS,2024-12-27
123165,PHI,2025-08-05
124037,CHE,2023-07-28
124037,BIO,2023-01-28
123931,ENG,2023-07-20
123921,PHY,2022-01-21
124994,PHI,2025-06-26
124994,ENG,2022-01-22
123707,PHI,2023-01-02
123606,PHY,2022-07-08
124545,ENG,2023-07-25
124518,PHY,2025-01-19
123811,ENGL,2023-08-12
123833,COM,2023-07-17
123833,PHY,2024-05-17
125049,CHE,2022-01-24
124362,PHY,2022-01-03
124362,COM,2022-08-24
125089,ENG,2023-07-26
125089,PHY,2023-07-03
125183,COM,2023-06-03
125183,PHY,2025-01-21
124595,CHE,2022-08-06
123614,ENG,2025-08-03
123614,PHY,2024-01-03
123604,COM,2022-01-01
124452,ENGL,2022-12-26
124643,ENG,2024-08-25
124643,PHY,2025-07-19
125200,ENGL,2022-06-16
123581,COM,2025-01-16
123806,COM,2022-05-14
123576,ENGL,2024-07-02
124281,ENG,2022-07-26
124400,ENGL,2023-01-05
124653,ENGL,2025-12-22
124935,ENGL,2022-01-05
124935,PHI,2024-07-21
123325,COM,2023-12-26
123325,PHY,2022-12-26
123907,PHY,2022-05-02
123318,BIO,2022-06-18
123318,CHE,2025-01-12
124200,PHY,2025-05-10
124347,ENGL,2023-12-05
124316,ENGL,2023-08-23
124316,HIS,2022-08-17
123990,ENG,2025-06-06
123990,PHY,2022-12-13
124954,PHI,2023-07-19
124603,ENGL,2022-07-13
124603,HIS,2023-07-20
124321,CHE,2022-12-03
124321,BIO,2023-01-03
124925,PHY,2022-07-22
123700,BIO,2025-12-21
123700,CHE,2023-05-21
123339,COM,2022-05-19
123574,HIS,2022-07-24
123501,ENGL,2025-08-23
125238,ENG,2022-12-05
125238,PHY,2024-06-11
124959,ENG,2023-06-18
124959,PHY,2024-07-20
123356,HIS,2025-06-04
123356,ENG,2025-05-07
123130,COM,2025-01-20
124536,COM,2022-01-20
124911,COM,2022-05-03
124911,PHY,2023-01-03
125051,ENG,2024-07-12
124681,ENG,2025-12-09
125108,COM,2025-07-24
124676,COM,2024-05-15
123566,PHY,2023-05-05
124258,PHY,2023-07-27
125026,COM,2024-06-21
125026,PHY,2022-12-18
124431,PHI,2023-07-05
123845,ENG,2022-06-01
124486,ENG,2023-07-25
124734,COM,2022-12-28
124734,PHY,2025-07-17
124394,HIS,2024-06-26
124394,ENG,2023-08-03
124211,PHI,2022-12-01
123258,COM,2022-06-04
123258,PHY,2022-06-08
123893,ENG,2024-01-27
123478,COM,2024-06-26
123478,PHY,2023-07-08
123640,BIO,2025-05-01
124543,COM,2024-05-25
125218,CHE,2023-07-09
125218,BIO,2024-06-22
124632,CHE,2023-12-05
124632,BIO,2022-08-17
124854,PHI,2025-01-27
124921,CHE,2023-07-28
124921,BIO,2022-07-12
123884,CHE,2024-07-14
124359,ENG,2022-06-01
124359,PHY,2023-08-19
123510,COM,2022-08-16
123510,PHY,2025-01-09
123775,CHE,2022-07-20
124056,PHY,2024-12-27
124056,ENG,2023-05-07
125171,BIO,2022-01-22
125171,CHE,2024-07-24
124556,ENGL,2023-01-04
124907,COM,2022-07-17
124958,ENG,2023-12-20
124096,PHY,2024-07-05
124109,ENGL,2024-06-05
124109,HIS,2024-06-15
123141,HIS,2025-08-05
123774,PHI,2024-12-12
125202,PHY,2022-08-13
125202,COM,2025-08-16
124894,ENG,2024-07-26
124869,BIO,2025-01-25
123870,COM,2022-07-03
124146,PHY,2025-07-07
124146,ENG,2025-07-05
124754,HIS,2023-06-25
123139,HIS,2024-12-21
123706,PHI,2025-08-12
123157,PHY,2024-12-18
123157,COM,2023-01-01
124917,COM,2024-08-19
123476,COM,2023-12-06
124905,COM,2022-05-01
124496,HIS,2024-05-04
124448,PHI,2023-05-28
124448,ENG,2023-01-14
123257,PHI,2023-06-07
123257,ENG,2023-08-02
125163,ENG,2022-06-17
125163,PHY,2023-12-23
124782,COM,2025-08-21
124534,CHE,2023-01-21
124534,BIO,2023-06-12
124952,COM,2022-12-20
124952,PHY,2022-05-25
123987,HIS,2022-12-19
123987,ENG,2023-06-25
125002,PHI,2023-07-23
124213,ENGL,2022-01-11
124213,PHI,2025-12-06
124170,HIS,2022-08-19
124170,ENG,2025-07-20
123683,ENGL,2024-06-19
123683,HIS,2024-08-24
123993,BIO,2024-06-04
123993,CHE,2025-08-19
124047,ENGL,2025-12-04
124047,HIS,2025-01-11
123970,COM,2024-06-27
123970,PHY,2022-07-08
125252,ENGL,2025-01-09
125252,HIS,2023-06-24
125144,ENGL,2023-08-06
125144,PHI,2024-06-19
124735,PHY,2023-06-04
124735,COM,2025-05-03
123646,ENG,2024-06-01
123646,PHY,2023-01-10
124620,PHY,2024-05-18
123735,BIO,2022-01-03
123735,CHE,2024-06-26
124981,COM,2022-07-03
125057,ENG,2022-05-05
123979,PHY,2025-06-18
123979,ENG,2022-08-06
124270,PHY,2022-08-13
124497,COM,2023-05-17
123712,ENG,2024-06-03
123820,HIS,2023-06-09
123497,COM,2025-07-18
123497,PHY,2022-05-04
123247,BIO,2022-07-09
123247,CHE,2022-01-16
123842,ENG,2022-01-24
123600,HIS,2023-12-21
123600,ENGL,2025-12-27
125106,HIS,2022-06-24
123598,PHI,2025-01-28
123598,ENG,2023-01-26
123435,PHI,2022-08-11
125027,HIS,2024-08-24
125027,ENG,2023-01-12
123328,PHY,2024-08-15
123328,COM,2024-05-10
124849,PHY,2025-08-06
124849,COM,2024-01-24
125138,PHY,2025-08-26
124642,CHE,2025-01-24
124852,PHY,2023-06-07
123650,PHY,2022-07-21
123650,COM,2023-05-01
124117,PHY,2025-07-04
124117,ENG,2025-12-22
123879,COM,2022-06-26
123879,PHY,2022-01-18
123494,ENG,2023-05-18
123441,ENG,2023-12-13
123441,PHY,2023-12-01
124175,COM,2024-05-13
123772,PHY,2022-05-19
124204,COM,2024-07-03
124988,CHE,2024-07-25
125094,ENGL,2025-06-18
125055,PHY,2022-06-02
123925,HIS,2025-01-13
123383,COM,2025-08-18
124737,PHI,2023-08-15
124737,ENG,2023-01-15
125154,ENGL,2023-01-27
124222,PHY,2023-08-11
123618,BIO,2022-05-13
123618,CHE,2023-12-28
124396,ENGL,2025-01-28
123648,COM,2022-06-22
123554,ENG,2024-06-13
124364,COM,2022-06-23
124364,PHY,2024-12-27
124425,PHI,2022-05-25
124425,ENGL,2025-05-23
125059,PHY,2023-12-23
124427,BIO,2022-12-14
124427,CHE,2024-01-12
124156,ENGL,2023-05-16
124600,CHE,2023-01-14
124600,BIO,2023-06-22
124257,ENG,2022-01-15
123191,PHI,2024-05-03
123191,ENGL,2022-07-01
123703,ENG,2023-06-21
124668,ENG,2025-06-28
124668,PHY,2023-01-18
123467,ENG,2025-01-20
123467,PHY,2022-01-17
124510,HIS,2024-12-17
124510,ENG,2025-07-22
123621,BIO,2025-01-05
123246,PHI,2023-05-08
123246,ENGL,2024-12-05
123641,ENG,2025-06-13
123641,PHY,2024-06-04
123749,HIS,2023-07-20
123749,ENGL,2023-06-09
124974,PHI,2024-01-26
123664,PHY,2022-08-23
124184,BIO,2024-07-15
124184,CHE,2025-05-27
124783,BIO,2022-06-28
124783,CHE,2024-05-15
124060,PHI,2023-01-19
125239,BIO,2023-01-02
123635,HIS,2024-01-07
123635,ENG,2022-08-11
123715,CHE,2022-07-26
123715,BIO,2023-08-10
124857,ENG,2024-08-10
124562,PHI,2024-05-08
124562,ENGL,2022-08-09
124401,PHY,2025-05-11
125083,CHE,2024-08-07
125083,BIO,2024-12-28
124174,CHE,2024-12-02
124172,ENG,2025-06-24
124416,BIO,2024-12-05
123654,COM,2025-08-12
123847,COM,2025-05-04
125058,HIS,2023-06-11
124393,BIO,2025-06-21
124551,CHE,2023-08-20
123762,COM,2023-07-16
123762,PHY,2022-06-23
123437,COM,2025-08-16
123568,COM,2022-08-14
125112,COM,2025-12-11
125028,PHI,2022-06-23
125130,PHY,2025-08-20
125130,COM,2022-05-08
124999,BIO,2022-12-27
124999,CHE,2024-08-13
124673,COM,2023-12-04
124673,PHY,2024-06-07
124786,BIO,2025-12-01
124786,CHE,2022-12-17
124139,PHY,2022-08-08
125217,CHE,2022-07-21
125217,BIO,2022-08-14
123623,BIO,2025-12-21
123623,CHE,2023-07-11
124663,COM,2023-05-05
124422,ENG,2023-01-15
124705,ENG,2024-12-20
124363,BIO,2025-06-06
124363,CHE,2023-05-03
124680,PHI,2023-01-15
124680,ENGL,2022-08-14
123631,ENG,2022-07-11
123894,COM,2024-06-04
123894,PHY,2024-08-12
124112,COM,2022-12-18
124529,COM,2023-06-02
124529,PHY,2024-05-07
124794,PHI,2023-06-23
124180,CHE,2022-07-23
125243,BIO,2025-05-10
125243,CHE,2022-05-15
123345,COM,2023-01-18
123345,PHY,2023-06-12
123490,HIS,2025-12-04
124598,HIS,2024-01-06
124332,PHY,2023-07-20
124332,COM,2022-07-06
123944,BIO,2023-12-01
123944,CHE,2024-07-11
123335,ENG,2023-08-07
123335,PHY,2025-01-12
124564,ENG,2024-06-19
124564,PHY,2025-07-11
123926,PHY,2025-06-02
124220,PHI,2025-05-16
124220,ENG,2022-08-04
124058,PHI,2023-05-18
124875,PHY,2023-06-07
124875,ENG,2023-01-02
124336,PHY,2025-06-13
124336,ENG,2023-05-20
124042,HIS,2025-01-21
124042,ENG,2023-07-28
123655,CHE,2025-12-27
123280,COM,2023-12-03
123280,PHY,2024-07-07
123250,ENGL,2022-06-13
123250,HIS,2022-12-20
124887,ENGL,2022-07-06
124887,PHI,2023-01-03
123277,PHI,2023-12-18
123957,ENG,2024-05-08
123957,PHY,2022-06-12
123217,HIS,2025-07-23
124877,PHY,2022-05-02
123578,COM,2025-08-09
123808,CHE,2024-06-17
123808,BIO,2024-06-07
123603,CHE,2024-07-16
123603,BIO,2025-01-26
124388,PHI,2025-05-19
124388,ENG,2025-08-26
123132,PHY,2023-12-02
123132,COM,2025-08-01
124091,ENGL,2022-07-21
124091,HIS,2022-05-11
125158,BIO,2023-07-09
125158,CHE,2025-01-15
124006,BIO,2023-01-07
124190,PHI,2025-07-27
124318,ENG,2022-01-16
123187,PHI,2022-08-22
123187,ENG,2022-12-23
125076,BIO,2023-06-21
125043,ENG,2023-12-17
123622,ENG,2025-08-09
123622,PHY,2024-05-21
125180,COM,2024-06-12
124898,PHY,2023-12-20
124898,COM,2024-08-26
123499,BIO,2022-05-22
123499,CHE,2023-06-04
123438,PHI,2025-01-16
123438,ENG,2024-01-10
125009,BIO,2025-01-21
125009,CHE,2022-08-27
123959,CHE,2025-05-04
123959,BIO,2024-06-20
124145,COM,2024-07-28
124145,PHY,2024-06-26
124110,ENGL,2025-07-01
124941,COM,2022-07-16
124941,PHY,2022-06-08
124719,PHY,2023-12-18
124374,BIO,2025-01-17
124587,PHY,2024-06-04
124823,ENGL,2024-08-19
124823,HIS,2022-05-24
123608,PHI,2024-06-18
124568,COM,2022-01-22
123147,PHI,2025-08-23
123147,ENG,2025-05-03
123645,CHE,2025-05-27
124467,PHY,2022-12-12
123787,HIS,2022-12-16
124636,BIO,2022-01-02
124636,CHE,2022-07-25
123830,BIO,2024-12-06
123946,HIS,2025-07-10
123946,PHI,2025-06-11
124218,PHY,2025-06-05
124218,ENG,2022-06-21
123433,COM,2024-01-28
123433,PHY,2024-05-28
124624,PHY,2022-06-17
123312,PHY,2024-08-25
123312,COM,2023-06-17
123790,COM,2024-05-09
123790,PHY,2024-05-06
124541,PHI,2023-12-15
124684,BIO,2023-06-12
124709,ENGL,2024-05-18
124709,PHI,2022-12-16
123880,COM,2024-08-21
123922,HIS,2022-05-16
124991,HIS,2022-05-16
124045,COM,2024-01-26
124307,COM,2023-06-24
124307,PHY,2025-01-10
124509,ENG,2022-01-12
124382,PHY,2022-01-27
124639,ENGL,2023-12-20
124120,COM,2024-01-04
124120,PHY,2023-01-28
124645,COM,2023-01-26
124645,PHY,2022-01-21
124289,ENG,2024-01-19
124289,PHY,2023-08-28
124165,ENGL,2022-06-23
124165,PHI,2023-06-21
124998,COM,2025-07-08
124998,PHY,2025-01-09
125175,PHY,2023-08-28
125020,CHE,2023-07-15
124132,ENG,2024-06-15
123663,ENGL,2023-06-09
123773,PHY,2022-06-16
123773,ENG,2025-05-07
123275,BIO,2025-07-18
123275,CHE,2023-01-10
123241,ENGL,2022-01-27
123241,HIS,2023-01-03
125193,PHY,2022-06-25
125193,COM,2024-05-28
125085,ENGL,2025-08-28
123154,HIS,2023-01-05
124196,ENGL,2025-12-18
124196,HIS,2022-08-21
123458,ENG,2025-05-15
123458,PHY,2022-07-11
124763,CHE,2023-08-24
123697,PHI,2023-08-24
123697,ENG,2024-12-20
124214,PHY,2022-07-16
124816,HIS,2022-01-27
123711,PHI,2022-06-02
124075,BIO,2023-08-13
125132,COM,2025-12-25
125132,PHY,2025-01-08
123817,COM,2025-01-09
123915,PHY,2024-01-26
125005,ENG,2024-07-24
124559,PHI,2023-12-26
124559,ENG,2023-07-20
123786,PHY,2023-08-16
123722,ENGL,2025-08-23
123722,HIS,2025-12-02
124398,PHI,2025-07-12
124398,ENG,2024-05-16
124789,HIS,2024-06-16
123372,BIO,2022-06-28
123372,CHE,2025-06-27
123611,COM,2025-06-09
123611,PHY,2024-07-01
124646,COM,2022-08-23
124646,PHY,2024-06-12
124900,ENGL,2025-06-26
124900,HIS,2025-08-11
123863,COM,2022-07-06
123863,PHY,2025-01-18
123266,PHY,2024-06-13
124295,ENG,2024-05-09
124295,PHY,2023-12-19
123512,COM,2025-12-25
123186,CHE,2025-12-13
124399,COM,2023-01-20
124399,PHY,2023-08-03
124476,COM,2023-07-02
124062,COM,2025-12-13
123605,HIS,2024-08-08
123605,PHI,2022-01-19
125070,ENG,2024-07-20
125070,PHY,2023-05-14
125192,PHY,2025-12-05
125204,COM,2022-06-04
125204,PHY,2022-08-20
124158,HIS,2022-07-11
124113,ENGL,2024-05-14
123396,CHE,2025-01-15
123396,BIO,2022-01-05
123201,PHY,2025-12-04
125098,COM,2025-12-17
125098,PHY,2022-06-18
124533,ENG,2024-05-03
124533,PHY,2025-07-18
123784,PHY,2023-06-25
124995,CHE,2023-07-20
123470,HIS,2025-05-07
123470,ENG,2023-08-26
124688,PHY,2025-08-24
124648,ENGL,2024-07-27
124648,PHI,2023-01-17
123572,COM,2022-12-12
123615,COM,2025-05-26
123615,PHY,2024-06-18
123387,ENG,2025-05-07
123387,PHY,2024-08-03
125072,COM,2024-01-18
125072,PHY,2023-07-15
124732,ENGL,2025-01-19
124732,PHI,2022-01-13
123492,COM,2023-07-07
124420,BIO,2024-07-16
124420,CHE,2022-12-05
124503,CHE,2024-08-24
124628,ENG,2024-08-21
124628,PHY,2022-07-20
125125,BIO,2024-12-24
125125,CHE,2022-05-19
123451,PHY,2022-07-11
123451,COM,2025-05-26
125220,COM,2022-08-27
125220,PHY,2025-12-03
124667,COM,2025-07-19
124750,HIS,2025-12-23
124750,ENG,2023-01-19
123547,ENG,2023-08-13
123951,PHY,2025-06-04
123951,ENG,2022-05-19
124946,PHY,2024-06-04
124946,COM,2024-08-25
124831,COM,2025-01-10
123229,PHY,2023-12-03
123701,ENG,2024-06-24
124576,PHI,2022-01-10
123988,PHY,2022-05-09
123988,COM,2025-12-19
125160,COM,2024-05-22
125160,PHY,2025-01-17
124652,PHI,2025-01-03
125255,ENGL,2023-07-12
124194,ENG,2022-08-01
124194,PHY,2024-01-03
123920,ENGL,2024-01-25
123529,COM,2024-05-02
125219,ENGL,2024-01-06
125087,HIS,2022-07-24
124824,ENGL,2022-05-03
124743,COM,2025-07-15
124392,ENG,2024-12-12
123947,ENGL,2023-06-22
124880,ENGL,2022-12-09
124880,PHI,2023-07-16
123377,PHI,2022-07-16
123377,ENGL,2024-08-07
123386,BIO,2024-08-01
124829,ENGL,2025-08-21
124930,CHE,2022-12-05
123493,COM,2025-08-22
123493,PHY,2023-06-06
123963,COM,2022-01-23
124538,BIO,2022-08-05
125179,BIO,2024-05-14
125179,CHE,2024-07-12
123839,PHI,2023-08-22
123215,ENG,2022-05-18
123215,PHY,2022-06-15
123447,ENGL,2025-08-05
123447,PHI,2025-08-27
123495,ENGL,2025-12-23
124458,COM,2023-06-05
124458,PHY,2023-06-10
123403,ENG,2024-12-02
124460,COM,2025-12-02
123779,PHI,2022-07-09
123779,ENG,2024-06-14
124851,BIO,2024-07-20
124851,CHE,2023-05-09
125184,COM,2023-01-28
125184,PHY,2024-05-14
123983,COM,2022-01-14
123401,CHE,2025-07-25
124076,PHI,2023-06-25
124076,ENG,2023-05-19
125041,ENG,2025-08-20
125041,PHY,2025-05-08
123436,COM,2022-07-21
123167,CHE,2025-08-26
123355,PHI,2023-12-25
123355,ENG,2024-01-20
124512,PHI,2024-12-13
124512,ENGL,2023-05-24
124100,BIO,2023-07-16
124100,CHE,2022-07-02
123537,COM,2024-07-22
123537,PHY,2025-01-01
125035,HIS,2023-07-09
125035,PHI,2025-07-13
125246,COM,2024-01-11
124450,ENG,2025-07-11
124450,PHY,2024-01-03
123869,ENG,2025-08-15
123869,PHY,2022-07-12
124136,PHI,2024-01-05
124352,COM,2025-12-23
124352,PHY,2023-12-26
124169,CHE,2024-08-07
124169,BIO,2023-01-11
124084,ENG,2025-06-09
123828,PHY,2025-07-04
123828,ENG,2024-07-14
123872,ENG,2022-05-24
125178,PHI,2024-07-04
125178,ENG,2025-05-14
123498,ENG,2025-12-02
123498,PHY,2022-06-28
124057,ENG,2023-01-19
124057,PHY,2022-07-06
123840,HIS,2022-12-16
123840,PHI,2023-05-09
124547,COM,2022-06-07
123137,COM,2025-08-13
123137,PHY,2022-01-23
124310,ENG,2025-07-04
124310,PHY,2023-07-16
124940,PHY,2022-06-17
124940,COM,2023-05-06
123271,ENG,2024-01-13
123271,PHY,2023-06-12
123864,COM,2023-06-14
123864,PHY,2025-01-18
123904,BIO,2023-12-25
123460,CHE,2023-05-27
125214,ENGL,2024-06-15
125214,HIS,2024-12-25
124052,ENG,2024-07-19
125013,HIS,2023-06-11
124729,ENG,2025-08-09
124729,PHY,2023-12-14
123134,BIO,2025-07-21
123134,CHE,2024-01-22
125007,CHE,2022-08-10
123962,ENG,2022-06-17
123962,PHY,2022-06-15
125157,BIO,2025-05-03
125157,CHE,2024-12-04
124912,PHY,2022-08-18
124073,COM,2023-01-20
123793,ENG,2023-08-17
124494,HIS,2022-01-20
124899,PHY,2023-07-03
125090,PHY,2025-01-06
125090,COM,2023-05-13
124819,ENG,2022-12-05
123810,PHY,2023-07-13
123558,BIO,2023-07-12
124675,ENGL,2024-01-21
123757,ENG,2022-07-20
124299,PHY,2025-01-23
124299,ENG,2025-05-16
123882,HIS,2025-07-15
123882,ENGL,2025-06-11
123388,ENGL,2024-05-16
124468,CHE,2024-06-28
123126,ENG,2023-12-21
123126,PHY,2024-12-10
124970,HIS,2023-01-17
124970,ENGL,2024-06-06
124746,ENG,2023-06-04
124746,PHY,2024-08-16
123804,PHY,2025-07-03
124661,COM,2022-06-04
124885,BIO,2022-01-24
124885,CHE,2023-01-28
124288,ENGL,2025-05-26
124288,HIS,2023-08-28
123770,PHI,2022-06-11
123585,ENGL,2024-12-02
123585,PHI,2023-12-21
123967,ENGL,2023-01-02
125187,HIS,2022-08-28
124125,PHI,2023-08-20
124125,ENGL,2024-07-27
123213,BIO,2024-12-02
123213,CHE,2023-05-27
123519,CHE,2022-08-21
124269,BIO,2023-06-01
124269,CHE,2025-05-28
124886,HIS,2023-07-23
124886,PHI,2022-07-10
124937,PHI,2022-08-04
124937,ENGL,2024-01-24
124698,PHY,2023-07-22
123206,HIS,2025-01-13
123507,HIS,2023-05-01
124689,ENG,2025-08-10
124689,PHY,2023-05-17
123760,COM,2022-12-02
123760,PHY,2022-05-13
124391,PHI,2024-08-16
123267,CHE,2024-08-02
123267,BIO,2024-07-19
124973,CHE,2023-12-05
123341,HIS,2025-07-15
123341,ENGL,2022-08-01
124092,CHE,2024-12-20
123140,ENGL,2022-06-13
123140,PHI,2023-07-14
125053,ENGL,2023-07-02
125053,HIS,2024-01-09
125114,HIS,2022-05-26
125114,ENG,2023-07-10
124300,COM,2023-06-24
124028,COM,2023-08-11
123573,BIO,2023-05-17
123573,CHE,2022-01-05
124173,PHY,2023-07-19
124173,COM,2023-08-28
125047,COM,2024-01-22
123175,HIS,2023-01-23
123175,ENGL,2022-08-17
123204,ENGL,2022-07-11
123204,HIS,2022-06-16
123158,PHY,2023-05-04
123158,ENG,2024-08-23
124114,BIO,2023-01-24
123299,BIO,2025-05-16
124687,PHY,2023-07-06
125063,PHI,2022-01-21
124757,ENGL,2024-12-15
123500,COM,2025-07-28
123976,ENGL,2022-12-13
124487,PHI,2024-05-19
123713,ENG,2022-08-21
123713,PHY,2025-06-09
123929,PHY,2024-12-07
125082,PHY,2023-06-15
123178,ENG,2024-06-09
123398,ENG,2022-08-01
123398,PHY,2025-12-16
123802,ENG,2022-07-10
123802,PHY,2024-12-02
123794,PHI,2025-12-13
123794,ENGL,2023-06-01
123985,PHY,2022-08-23
123985,COM,2025-07-06
123747,COM,2024-05-25
123747,PHY,2025-12-05
124276,ENG,2025-05-05
124276,PHY,2022-12-23
124761,COM,2024-05-16
124761,PHY,2022-06-19
124149,COM,2022-01-27
124149,PHY,2024-07-06
124428,PHI,2022-01-14
124428,ENGL,2024-06-17
123819,ENGL,2024-06-20
124507,PHY,2024-06-13
123736,COM,2023-07-06
123602,COM,2022-08-24
123745,COM,2024-01-22
123745,PHY,2023-07-24
124627,ENG,2024-12-07
124627,PHY,2024-12-05
124874,CHE,2023-07-08
123482,PHY,2024-06-20
125216,BIO,2023-06-11
124250,ENG,2023-01-24
124250,PHY,2023-07-23
124654,CHE,2024-12-18
124902,PHY,2023-06-18
124902,COM,2025-08-09
123919,BIO,2024-12-11
125119,ENGL,2024-05-08
125119,PHI,2022-05-24
124032,COM,2025-01-13
123202,COM,2022-01-04
123836,COM,2025-05-27
125095,PHY,2024-05-19
123160,PHY,2024-07-21
125207,ENGL,2024-07-25
125207,HIS,2023-07-20
123349,PHI,2024-01-03
123874,COM,2024-06-20
123782,PHI,2024-05-14
123127,PHI,2024-08-16
123127,ENG,2024-06-20
125242,BIO,2024-08-21
125242,CHE,2024-06-02
123875,COM,2022-05-18
123875,PHY,2022-05-23
123400,ENGL,2025-06-20
124631,ENGL,2025-01-15
124631,HIS,2022-07-04
124485,PHY,2023-05-13
124473,PHY,2025-05-04
123778,CHE,2023-07-25
123778,BIO,2023-08-08
123274,CHE,2022-07-28
123589,BIO,2022-06-12
123395,BIO,2022-05-07
123395,CHE,2022-08-23
123942,PHY,2022-01-11
123475,CHE,2023-01-28
123364,BIO,2023-06-11
123364,CHE,2025-05-18
123239,BIO,2025-08-15
123239,CHE,2024-01-14
123610,PHY,2023-08-08
123665,ENG,2024-05-11
123665,PHY,2023-08-20
124358,ENGL,2024-01-16
124317,COM,2022-05-17
125023,PHY,2022-06-06
123686,HIS,2025-05-28
123686,ENG,2023-05-26
123136,ENG,2025-12-19
125166,ENGL,2022-08-07
124111,HIS,2024-12-20
123832,COM,2022-06-07
123832,PHY,2024-01-04
124253,ENGL,2024-06-10
124267,COM,2024-01-21
124267,PHY,2024-12-23
124694,BIO,2023-01-14
124160,PHY,2023-12-08
124160,COM,2024-06-09
123651,ENG,2022-08-25
123331,PHI,2022-05-27
124526,PHI,2025-01-11
124526,ENG,2025-06-12
124280,PHI,2024-07-10
124280,ENGL,2022-01-15
123214,COM,2025-01-28
123214,PHY,2025-07-20
123138,COM,2024-06-18
124444,COM,2023-07-05
123671,COM,2023-06-02
123671,PHY,2022-05-08
124039,HIS,2023-01-25
124039,ENG,2024-01-16
124650,COM,2023-12-28
123829,BIO,2025-01-16
123829,CHE,2022-05-23
124436,ENG,2022-12-14
124436,PHY,2023-07-13
124561,COM,2022-01-28
125176,PHI,2025-12-18
123284,CHE,2022-05-06
124212,HIS,2022-08-10
124212,PHI,2023-05-12
124923,PHI,2024-07-14
124923,ENGL,2025-01-24
125021,ENG,2023-07-02
124387,PHY,2023-06-09
124862,BIO,2023-01-16
124862,CHE,2025-06-06
124629,CHE,2025-07-28
124629,BIO,2024-06-26
123308,COM,2025-05-12
123308,PHY,2024-07-21
125011,ENG,2024-01-27
125011,PHY,2022-01-05
124101,CHE,2022-01-04
124101,BIO,2023-07-09
124298,HIS,2024-12-19
125205,HIS,2022-01-09
125205,ENGL,2025-06-07
123584,COM,2022-12-15
123584,PHY,2024-12-01
124791,PHY,2023-12-09
124163,PHY,2023-12-10
124163,COM,2022-08-25
124644,ENG,2023-06-28
124618,ENG,2023-05-26
123685,ENGL,2022-08-19
123685,HIS,2023-08-04
124777,ENG,2025-08-26
124777,PHY,2022-12-10
124825,HIS,2023-01-08
124242,PHY,2025-01-03
124319,ENGL,2024-07-01
124319,HIS,2025-06-18
123724,BIO,2024-01-24
125169,ENG,2022-01-09
125191,BIO,2024-01-24
124957,PHI,2022-08-12
123399,PHI,2024-07-12
125015,COM,2025-01-09
123503,CHE,2022-05-22
124235,PHI,2022-06-09
124235,ENGL,2022-06-16
124616,COM,2025-12-10
123200,ENG,2022-07-12
124611,ENG,2024-06-01
124611,PHY,2023-05-03
123530,ENGL,2023-05-02
124873,ENG,2022-12-23
123323,ENG,2023-01-20
123323,PHY,2024-12-14
125161,HIS,2023-06-14
125161,PHI,2025-05-27
123342,ENG,2024-07-16
124433,PHY,2022-05-14
124433,ENG,2023-05-18
123392,ENGL,2024-08-17
123392,HIS,2024-07-19
123986,PHY,2024-01-19
123986,ENG,2022-01-19
123821,PHY,2023-05-13
123612,ENGL,2025-01-28
123612,PHI,2025-06-28
123301,ENGL,2024-12-27
124162,ENG,2023-07-12
124162,PHY,2023-01-06
124926,COM,2025-01-02
124926,PHY,2022-12-09
123678,PHY,2022-06-12
123678,COM,2023-05-09
123881,COM,2022-06-20
123723,CHE,2023-07-15
123723,BIO,2025-05-13
124706,HIS,2023-08-08
124706,PHI,2022-05-19
123661,COM,2025-06-05
123661,PHY,2022-01-07
124860,ENG,2023-05-14
124860,PHY,2024-12-06
123332,ENG,2023-08-14
123332,PHY,2022-07-13
123593,COM,2024-07-17
123593,PHY,2022-05-06
124766,ENG,2025-12-05
123859,PHI,2023-06-10
123859,ENGL,2025-07-03
123750,ENG,2023-08-13
123738,PHI,2023-08-23
124256,ENG,2023-05-12
124256,PHY,2022-07-23
124187,PHI,2022-07-16
123676,PHI,2022-01-25
123676,ENGL,2023-06-28
124333,HIS,2024-01-28
125038,PHY,2024-08-05
124247,PHY,2023-12-18
124247,COM,2022-06-24
124599,PHY,2024-01-09
124599,ENG,2023-07-12
124329,HIS,2023-07-05
124329,ENGL,2022-05-15
124929,ENG,2024-12-13
124086,ENGL,2025-08-24
124086,PHI,2025-07-04
124164,HIS,2022-06-19
124314,BIO,2023-01-01
124259,HIS,2023-05-09
125152,ENG,2023-08-20
125152,PHY,2022-07-19
123462,ENGL,2023-08-23
125139,COM,2023-06-15
124442,HIS,2024-08-27
124442,PHI,2025-07-21
124354,HIS,2023-06-12
124252,COM,2022-08-02
123930,PHY,2024-12-09
123930,COM,2022-05-28
124972,BIO,2023-12-03
124760,ENG,2022-12-25
124760,PHY,2022-01-21
125124,BIO,2025-08-17
124832,ENG,2025-12-15
123835,ENGL,2023-05-09
123835,PHI,2022-06-01
124903,ENGL,2024-06-27
124903,HIS,2024-01-14
123657,PHI,2023-01-04
123657,ENG,2025-01-09
124882,PHY,2023-08-04
123890,ENG,2023-05-04
123823,PHY,2024-06-14
123823,COM,2025-01-10
123834,ENG,2025-08-09
123834,PHY,2023-08-05
124325,COM,2023-12-05
124009,HIS,2023-05-19
123670,HIS,2024-06-01
125156,COM,2025-07-18
123220,BIO,2022-12-18
124088,COM,2025-12-21
124088,PHY,2022-01-05
124539,PHI,2023-05-23
123964,HIS,2024-01-02
123964,PHI,2025-05-13
124633,ENG,2022-05-08
124633,PHY,2024-07-07
123659,ENGL,2023-01-06
124799,ENG,2025-07-05
124799,PHY,2022-07-24
124793,ENGL,2024-01-07
124793,PHI,2025-08-04
123677,ENG,2024-01-09
124189,PHI,2025-08-28
124189,ENGL,2022-05-20
123740,ENGL,2022-01-20
123740,PHI,2022-06-17
124553,PHY,2023-07-05
124553,ENG,2024-06-04
123911,HIS,2023-05-27
123911,PHI,2023-07-02
123522,CHE,2023-08-15
123771,CHE,2025-06-01
123771,BIO,2025-05-16
123656,CHE,2023-12-24
123656,BIO,2025-01-07
124451,CHE,2023-12-01
124451,BIO,2022-08-22
125168,CHE,2023-01-24
123546,ENGL,2023-01-11
124890,ENG,2022-07-08
124890,PHY,2024-12-14
123179,ENG,2024-08-25
123179,PHY,2024-07-25
125135,ENG,2024-06-22
123867,CHE,2024-05-22
124016,COM,2024-05-13
124016,PHY,2023-07-22
123939,COM,2024-06-28
123939,PHY,2025-12-13
124463,ENG,2023-05-21
124463,PHY,2024-01-16
124848,PHY,2023-05-26
123404,ENG,2022-05-12
123902,COM,2023-12-07
124924,ENG,2025-07-08
124924,PHY,2025-07-16
124922,COM,2023-06-02
124217,PHY,2022-05-12
124217,ENG,2023-08-09
123746,ENGL,2025-01-06
124457,PHY,2024-08-22
124474,PHY,2024-06-02
124474,ENG,2022-07-22
123155,ENG,2025-08-28
124346,COM,2023-08-06
124346,PHY,2022-07-21
124640,BIO,2024-01-10
123742,CHE,2024-07-01
123742,BIO,2025-01-19
124405,PHI,2025-06-15
123675,PHY,2024-08-26
124330,ENG,2022-12-15
123982,ENG,2025-01-22
124968,ENG,2022-12-22
124968,PHY,2024-12-04
124571,ENG,2024-12-23
124571,PHY,2024-08-04
124064,ENGL,2025-06-03
124064,HIS,2025-07-27
124209,HIS,2024-08-20
124209,ENGL,2024-01-14
123536,HIS,2022-06-14
123536,ENG,2024-12-23
123906,COM,2024-01-27
123281,ENGL,2023-01-08
125048,COM,2022-12-12
125048,PHY,2022-06-23
124119,HIS,2023-08-20
124119,ENGL,2023-08-05
123440,HIS,2022-01-07
123440,ENGL,2023-07-18
123294,ENG,2025-01-23
124868,PHY,2025-05-05
124868,ENG,2022-01-15
123421,HIS,2024-05-12
124626,HIS,2022-07-07
124626,PHI,2024-08-10
123287,ENG,2024-01-22
123287,PHY,2025-05-28
123888,COM,2022-05-21
123513,CHE,2023-01-07
124089,CHE,2024-07-06
124089,BIO,2023-08-20
124386,ENGL,2025-05-01
124386,HIS,2024-08-19
123628,PHY,2023-07-22
123628,COM,2024-07-05
123412,HIS,2024-07-14
123412,ENG,2025-06-06
124002,CHE,2022-06-20
123974,HIS,2023-07-26
123974,PHI,2024-06-01
124255,ENG,2023-06-19
124255,PHY,2023-05-10
124861,ENG,2023-07-17
124535,HIS,2024-12-18
124535,ENG,2025-05-16
124287,CHE,2024-12-10
124287,BIO,2023-12-22
123290,PHY,2024-01-25
124015,ENG,2023-01-15
124015,PHY,2023-07-26
123577,ENG,2022-12-27
124784,CHE,2025-07-24
123871,ENG,2024-12-22
123718,PHI,2022-01-18
123662,COM,2023-08-09
123662,PHY,2024-05-07
123905,ENG,2025-12-15
123796,PHY,2025-01-16
124665,ENGL,2022-12-09
124665,HIS,2022-05-23
124061,CHE,2025-01-27
124061,BIO,2022-01-06
123324,COM,2025-07-28
123324,PHY,2022-08-09
124238,PHI,2024-01-23
123185,CHE,2025-05-23
124178,BIO,2024-01-28
124178,CHE,2022-12-04
124186,ENG,2022-07-13
124127,PHY,2025-12-07
123232,BIO,2022-01-12
123607,COM,2022-06-13
123607,PHY,2024-06-11
124368,PHY,2022-01-04
123218,HIS,2025-05-16
123218,PHI,2025-07-22
123914,ENG,2025-06-12
123367,CHE,2025-05-15
123367,BIO,2024-06-21
123288,ENG,2023-05-14
124682,ENG,2022-01-02
124682,PHY,2023-01-08
124285,ENG,2023-07-09
124658,COM,2022-05-19
123534,BIO,2022-08-02
124224,PHY,2022-06-09
124224,COM,2023-06-28
124469,HIS,2023-06-15
124818,COM,2022-05-23
124818,PHY,2023-07-15
124207,ENG,2023-07-21
124207,PHY,2023-01-17
123443,ENGL,2023-08-27
123443,HIS,2024-01-02
123630,PHI,2022-08-03
123466,ENG,2024-06-09
124679,COM,2025-12-15
124679,PHY,2022-07-16
124021,ENGL,2024-06-10
124021,HIS,2024-08-12
124411,COM,2025-01-09
124411,PHY,2025-07-22
123681,COM,2023-06-03
124498,ENG,2024-01-25
124864,HIS,2024-05-17
123552,COM,2024-07-18
123131,CHE,2024-06-17
124586,ENG,2025-07-03
123917,PHY,2022-05-15
124560,COM,2022-08-23
124082,COM,2022-06-12
124082,PHY,2025-08-07
125093,ENGL,2024-12-22
123898,CHE,2023-07-20
123311,ENGL,2025-12-04
123311,HIS,2025-01-08
123414,ENGL,2024-05-02
123414,HIS,2024-06-17
125031,HIS,2024-08-03
123639,HIS,2022-07-26
123224,ENG,2025-01-11
123224,PHY,2025-08-01
124231,HIS,2025-08-14
124459,COM,2025-06-01
124459,PHY,2024-06-16
124802,PHI,2024-01-01
123357,HIS,2025-06-18
124012,CHE,2022-12-21
123273,HIS,2022-12-23
123273,ENG,2024-08-23
123282,COM,2023-12-06
123282,PHY,2023-06-01
123168,BIO,2022-12-20
123481,COM,2025-12-01
123481,PHY,2024-08-06
123826,ENG,2022-05-01
123826,PHY,2022-12-08
124493,HIS,2025-01-22
124493,ENGL,2023-08-22
124126,PHY,2025-01-24
124198,ENGL,2024-01-10
124079,ENGL,2025-06-08
124808,COM,2022-05-17
124808,PHY,2024-05-05
124070,CHE,2025-05-17
124070,BIO,2022-07-05
124992,PHY,2025-01-10
124992,ENG,2024-12-09
123402,PHI,2023-05-21
123402,ENG,2025-06-22
124234,CHE,2023-07-14
125148,COM,2024-12-13
123291,CHE,2022-05-28
124050,ENG,2025-06-27
124710,ENG,2024-08-15
124710,PHY,2022-08-20
124826,ENGL,2023-08-10
124826,PHI,2025-01-19
123956,COM,2024-05-07
123956,PHY,2025-01-24
124514,COM,2025-07-10
125131,ENGL,2022-05-11
123361,ENGL,2023-08-15
124635,ENG,2022-05-28
124635,PHY,2024-05-16
124097,COM,2022-07-22
124097,PHY,2023-06-06
124963,ENGL,2023-06-24
124963,PHI,2024-01-22
125016,COM,2023-01-25
125016,PHY,2022-01-03
123562,HIS,2025-07-24
124303,ENGL,2024-05-16
125133,BIO,2022-06-13
125133,CHE,2024-08-28
125110,PHI,2022-06-12
125110,ENGL,2023-01-28
123143,BIO,2024-07-10
124508,PHY,2025-05-15
124508,ENG,2024-12-24
124948,ENGL,2023-01-19
123268,ENGL,2023-12-28
124370,COM,2023-07-03
124370,PHY,2025-08-08
124964,ENG,2022-06-25
124964,PHY,2023-08-05
123289,ENG,2025-08-27
124500,ENG,2024-08-10
124500,PHY,2023-07-23
124074,HIS,2022-06-10
123825,ENGL,2023-06-04
123825,PHI,2025-01-25