student_id,year,max_credit,min_credit,total_credit_earned
123485,4,16,12,104
124239,3,16,12,72
123877,1,16,12,32
123197,1,16,12,12
123813,3,16,12,92
123807,4,16,12,100
123295,2,16,12,36
123419,2,16,12,36
123468,3,16,12,80
125092,4,16,12,104
125197,1,16,12,32
123180,3,16,12,92
123698,0,16,12,0
124488,1,16,12,24
123146,3,16,12,68
124383,3,16,12,84
123737,1,16,12,16
123133,3,16,12,84
123418,2,16,12,52
124781,1,16,12,32
124966,1,16,12,4
125223,4,16,12,112
123297,0,16,12,0
123321,1,16,12,32
124717,1,16,12,32
123354,1,16,12,4
125209,3,16,12,96
124530,4,16,12,116
123255,2,16,12,48
124326,1,16,12,28
123477,4,16,12,120
124236,1,16,12,28
124438,2,16,12,60
123453,3,16,12,96
124531,3,16,12,72
123491,3,16,12,80
123687,2,16,12,52
123910,1,16,12,4
123417,4,16,12,108
124749,1,16,12,28
124745,2,16,12,48
123487,3,16,12,72
124913,3,16,12,96
124521,4,16,12,104
125226,2,16,12,48
124277,4,16,12,108
123966,4,16,12,104
124335,1,16,12,12
123532,3,16,12,96
123666,4,16,12,100
123759,2,16,12,60
124128,2,16,12,60
124558,1,16,12,20
124157,2,16,12,48
124195,2,16,12,56
124660,4,16,12,104
123329,1,16,12,4
125247,4,16,12,120
123254,3,16,12,72
124185,4,16,12,104
125208,2,16,12,52
123649,1,16,12,16
125018,2,16,12,52
124294,1,16,12,4
124569,3,16,12,92
124738,3,16,12,84
125100,4,16,12,104
123785,1,16,12,24
124513,3,16,12,72
124424,1,16,12,16
123445,1,16,12,16
124223,4,16,12,104
125230,4,16,12,120
124927,1,16,12,24
123272,4,16,12,100
123205,1,16,12,8
124844,2,16,12,56
123521,1,16,12,32
124596,3,16,12,68
124897,3,16,12,80
123302,1,16,12,28
124017,4,16,12,112
124036,3,16,12,68
123243,3,16,12,68
123972,1,16,12,8
125046,4,16,12,108
124030,2,16,12,36
123450,2,16,12,64
124879,1,16,12,24
123381,3,16,12,80
124340,2,16,12,60
123896,4,16,12,104
123937,3,16,12,76
123791,1,16,12,24
124716,1,16,12,32
124515,2,16,12,56
124241,3,16,12,92
125088,3,16,12,84
124863,3,16,12,76
123416,4,16,12,120
123432,1,16,12,24
124366,1,16,12,8
123161,1,16,12,24
125032,2,16,12,60
123989,3,16,12,92
124263,2,16,12,44
123998,4,16,12,100
124647,4,16,12,120
125113,3,16,12,72
123991,2,16,12,56
124971,3,16,12,96
124201,1,16,12,12
124417,2,16,12,60
123952,2,16,12,52
124814,3,16,12,68
124809,3,16,12,96
125241,1,16,12,4
123296,1,16,12,8
123935,1,16,12,12
124767,4,16,12,100
125234,1,16,12,16
123885,0,16,12,0
123173,3,16,12,76
123171,1,16,12,12
124617,2,16,12,60
123551,2,16,12,60
124121,2,16,12,40
123394,4,16,12,100
124193,4,16,12,120
124528,1,16,12,24
123542,3,16,12,72
123351,1,16,12,20
124910,4,16,12,112
125145,3,16,12,84
124740,3,16,12,88
124066,2,16,12,64
124176,3,16,12,88
124813,4,16,12,116
123818,1,16,12,32
123766,2,16,12,36
124065,1,16,12,16
125104,1,16,12,20
123474,1,16,12,4
124702,4,16,12,104
123980,0,16,12,0
124619,4,16,12,100
123409,3,16,12,88
123968,1,16,12,24
123667,1,16,12,4
124402,4,16,12,120
123933,2,16,12,48
124997,4,16,12,120
124780,2,16,12,64
124138,1,16,12,20
124768,1,16,12,16
124135,4,16,12,108
123316,4,16,12,116
123873,3,16,12,80
125199,2,16,12,44
124483,2,16,12,56
124977,3,16,12,92
123465,1,16,12,20
125050,3,16,12,72
124499,2,16,12,36
124124,1,16,12,20
123444,1,16,12,24
125162,3,16,12,88
124928,3,16,12,88
125258,1,16,12,16
125036,1,16,12,16
124304,3,16,12,80
124345,3,16,12,84
123626,4,16,12,104
124670,2,16,12,36
125025,1,16,12,16
125221,2,16,12,44
123955,4,16,12,108
124523,2,16,12,52
124856,2,16,12,48
124197,1,16,12,4
124634,2,16,12,60
123777,3,16,12,96
124167,2,16,12,44
124031,4,16,12,112
123788,1,16,12,28
124192,3,16,12,72
125249,3,16,12,92
123599,2,16,12,60
124770,3,16,12,68
123805,3,16,12,68
125065,0,16,12,0
124720,1,16,12,24
124116,2,16,12,52
123923,2,16,12,52
125129,1,16,12,24
124244,2,16,12,64
123262,4,16,12,108
123256,0,16,12,0
123865,4,16,12,104
124323,2,16,12,44
124478,2,16,12,36
125206,3,16,12,76
124421,1,16,12,20
123633,2,16,12,44
124718,1,16,12,20
123344,1,16,12,32
123322,4,16,12,120
124291,1,16,12,32
125078,4,16,12,112
124320,4,16,12,120
124591,2,16,12,40
124080,2,16,12,64
123439,3,16,12,68
125172,2,16,12,40
123506,3,16,12,96
124506,4,16,12,116
125190,3,16,12,88
123619,3,16,12,80
124122,4,16,12,100
124007,3,16,12,68
123709,1,16,12,12
123862,2,16,12,40
123733,3,16,12,80
125079,2,16,12,36
125174,3,16,12,76
125117,3,16,12,96
125000,4,16,12,112
123891,4,16,12,108
124914,2,16,12,44
124004,3,16,12,68
124697,2,16,12,48
123795,1,16,12,8
123286,1,16,12,28
123559,4,16,12,120
124865,3,16,12,92
123755,2,16,12,40
124798,2,16,12,40
124615,2,16,12,36
124018,4,16,12,100
125195,3,16,12,88
123900,2,16,12,60
124361,2,16,12,64
124341,4,16,12,120
123319,1,16,12,16
124691,2,16,12,40
123776,2,16,12,60
124839,1,16,12,8
125102,2,16,12,48
124150,2,16,12,48
125115,1,16,12,4
124230,1,16,12,4
123483,4,16,12,120
123627,4,16,12,116
124453,1,16,12,8
125037,3,16,12,92
123427,2,16,12,52
124221,1,16,12,4
123129,1,16,12,4
125155,1,16,12,12
123582,2,16,12,52
124785,3,16,12,76
124801,3,16,12,80
124641,4,16,12,116
124477,3,16,12,88
123142,2,16,12,64
123514,3,16,12,68
123391,3,16,12,76
124085,3,16,12,88
123527,3,16,12,76
124669,2,16,12,36
123347,0,16,12,0
125109,1,16,12,32
123190,1,16,12,20
125060,4,16,12,116
124501,2,16,12,40
125231,2,16,12,36
123815,4,16,12,120
123183,2,16,12,64
123837,4,16,12,108
124155,4,16,12,108
123348,2,16,12,64
124491,1,16,12,20
123860,3,16,12,76
123270,3,16,12,88
123977,3,16,12,88
124950,4,16,12,100
123705,1,16,12,20
124895,3,16,12,80
123424,2,16,12,52
123999,3,16,12,80
124520,4,16,12,100
124465,2,16,12,64
124800,2,16,12,44
124993,2,16,12,48
123694,1,16,12,24
123903,3,16,12,88
123629,3,16,12,84
125118,4,16,12,104
124072,2,16,12,52
124575,3,16,12,80
124936,0,16,12,0
123429,2,16,12,44
124638,4,16,12,104
124372,2,16,12,36
124048,1,16,12,16
123431,2,16,12,36
124820,1,16,12,16
124549,3,16,12,96
124748,1,16,12,20
125250,3,16,12,68
124423,2,16,12,36
123981,1,16,12,8
123486,2,16,12,40
123971,4,16,12,108
124338,2,16,12,60
125014,4,16,12,100
124566,4,16,12,120
123717,3,16,12,96
124008,3,16,12,96
124607,2,16,12,52
124265,3,16,12,80
123801,3,16,12,68
124664,3,16,12,96
125052,3,16,12,84
124878,0,16,12,0
124563,1,16,12,16
124311,1,16,12,4
124548,3,16,12,88
124343,3,16,12,88
125042,3,16,12,68
124846,3,16,12,80
124755,3,16,12,92
124821,3,16,12,68
123852,4,16,12,104
123285,4,16,12,100
124678,2,16,12,52
124502,1,16,12,16
123415,4,16,12,120
123384,1,16,12,28
124908,4,16,12,112
125086,4,16,12,100
123854,3,16,12,92
123459,1,16,12,4
124375,3,16,12,76
124381,2,16,12,52
123298,2,16,12,40
123212,3,16,12,72
124441,2,16,12,48
124686,4,16,12,120
125029,3,16,12,96
123752,1,16,12,8
125186,2,16,12,64
123940,1,16,12,32
124228,1,16,12,20
124721,1,16,12,8
124588,3,16,12,76
123561,3,16,12,96
124027,2,16,12,56
124671,4,16,12,104
124309,1,16,12,8
124773,3,16,12,84
124592,1,16,12,16
123824,1,16,12,32
123380,4,16,12,104
125071,3,16,12,80
124833,2,16,12,40
124552,2,16,12,60
124302,0,16,12,0
125198,4,16,12,108
123560,2,16,12,48
125137,1,16,12,24
123479,3,16,12,72
124489,3,16,12,92
124779,3,16,12,96
124792,2,16,12,48
124931,1,16,12,4
123571,4,16,12,108
123305,1,16,12,24
123792,2,16,12,56
123886,4,16,12,104
123528,2,16,12,60
123307,2,16,12,40
123455,2,16,12,40
124153,2,16,12,48
124379,1,16,12,8
124492,4,16,12,116
124788,3,16,12,68
123411,4,16,12,108
123283,0,16,12,0
123518,4,16,12,112
124610,2,16,12,64
125136,1,16,12,16
124108,4,16,12,120
124870,3,16,12,72
123892,1,16,12,4
124406,1,16,12,12
124443,2,16,12,36
124081,2,16,12,36
124245,1,16,12,4
124573,1,16,12,28
124274,1,16,12,20
124683,4,16,12,112
125185,4,16,12,100
123692,2,16,12,44
124105,2,16,12,64
125248,3,16,12,68
124609,2,16,12,52
125251,4,16,12,100
125146,2,16,12,60
124580,4,16,12,120
123555,1,16,12,24
123393,4,16,12,116
123961,1,16,12,8
125069,2,16,12,56
123314,3,16,12,88
125213,1,16,12,12
124884,3,16,12,76
124148,2,16,12,44
123545,3,16,12,84
124909,2,16,12,52
125105,1,16,12,24
124344,4,16,12,112
123430,2,16,12,36
124853,4,16,12,104
123327,1,16,12,20
124752,1,16,12,16
123809,3,16,12,88
123948,0,16,12,0
125012,3,16,12,68
124313,2,16,12,40
124589,3,16,12,92
124712,4,16,12,100
124334,2,16,12,64
124059,1,16,12,28
124996,4,16,12,120
123249,4,16,12,100
124471,2,16,12,44
123310,1,16,12,20
125064,1,16,12,20
123535,3,16,12,96
123783,1,16,12,24
124286,1,16,12,20
125010,4,16,12,104
123227,3,16,12,92
124141,2,16,12,40
124337,2,16,12,56
123729,4,16,12,120
124296,3,16,12,96
125116,3,16,12,84
123969,2,16,12,40
123128,3,16,12,88
124462,2,16,12,44
124815,1,16,12,16
124022,3,16,12,88
123679,3,16,12,96
124637,2,16,12,44
123365,4,16,12,104
124454,3,16,12,76
124384,1,16,12,24
123548,2,16,12,64
124932,1,16,12,24
124203,2,16,12,44
123596,2,16,12,36
123265,2,16,12,56
124322,4,16,12,112
123682,2,16,12,44
123313,2,16,12,56
125006,1,16,12,16
124023,1,16,12,4
123338,3,16,12,92
123858,2,16,12,52
123857,2,16,12,60
123591,0,16,12,0
125019,1,16,12,16
124283,1,16,12,12
124584,2,16,12,44
123378,1,16,12,24
124672,1,16,12,28
124938,2,16,12,56
123564,3,16,12,76
124980,1,16,12,28
124000,0,16,12,0
123928,3,16,12,72
123638,3,16,12,72
123728,0,16,12,0
123198,3,16,12,68
123716,3,16,12,84
124657,3,16,12,72
123149,4,16,12,104
124182,4,16,12,108
124371,2,16,12,48
124481,3,16,12,92
123489,3,16,12,96
123352,2,16,12,64
124260,3,16,12,92
124555,1,16,12,32
123673,4,16,12,108
124353,1,16,12,28
123949,3,16,12,72
124594,3,16,12,72
123732,2,16,12,52
124053,1,16,12,12
123883,0,16,12,0
124806,2,16,12,40
124013,2,16,12,60
124982,3,16,12,68
124525,2,16,12,36
124505,3,16,12,96
123625,1,16,12,24
123841,2,16,12,56
124625,1,16,12,4
123211,3,16,12,84
123856,2,16,12,52
124722,4,16,12,120
123690,4,16,12,112
124055,2,16,12,56
124867,3,16,12,72
125073,0,16,12,0
123509,2,16,12,60
124014,3,16,12,76
124143,3,16,12,92
123544,4,16,12,112
124232,2,16,12,60
123720,3,16,12,96
123320,3,16,12,80
124107,3,16,12,80
124892,1,16,12,24
124883,3,16,12,80
124939,2,16,12,40
123855,2,16,12,64
123741,2,16,12,60
123644,1,16,12,32
123620,3,16,12,96
123195,4,16,12,112
124943,3,16,12,92
125120,3,16,12,72
124807,2,16,12,64
124955,2,16,12,60
124612,4,16,12,120
123725,2,16,12,60
124810,1,16,12,20
124916,3,16,12,68
123594,1,16,12,8
124942,1,16,12,12
123767,4,16,12,120
124090,2,16,12,40
125024,3,16,12,92
123315,4,16,12,112
124351,1,16,12,32
124268,1,16,12,28
124282,2,16,12,44
124771,4,16,12,108
124915,2,16,12,48
124181,1,16,12,24
123333,1,16,12,8
124389,3,16,12,84
123838,2,16,12,64
124131,1,16,12,4
123221,1,16,12,8
124847,2,16,12,44
123184,4,16,12,100
124051,2,16,12,64
123579,3,16,12,84
123449,2,16,12,44
123237,3,16,12,88
123135,4,16,12,116
123199,1,16,12,20
123758,2,16,12,60
123517,2,16,12,44
124369,4,16,12,108
123768,1,16,12,16
124095,2,16,12,48
124142,1,16,12,8
124225,2,16,12,48
123996,4,16,12,104
124360,2,16,12,56
125074,2,16,12,60
123851,4,16,12,120
123464,1,16,12,12
124728,1,16,12,8
124098,3,16,12,88
123293,1,16,12,20
124210,1,16,12,12
124656,3,16,12,84
124106,3,16,12,84
123317,3,16,12,76
124787,3,16,12,80
123696,3,16,12,68
123358,1,16,12,32
123177,2,16,12,48
124904,1,16,12,8
124069,3,16,12,96
125099,4,16,12,112
123442,2,16,12,40
123710,1,16,12,4
124949,2,16,12,44
124772,3,16,12,80
125039,2,16,12,40
124434,3,16,12,84
123652,2,16,12,40
124557,2,16,12,56
124479,2,16,12,48
123684,2,16,12,36
124606,2,16,12,48
124822,2,16,12,64
124841,4,16,12,120
123389,2,16,12,60
123660,3,16,12,96
124046,3,16,12,88
123300,3,16,12,68
124775,1,16,12,32
123448,2,16,12,44
123580,2,16,12,48
123379,2,16,12,52
124574,4,16,12,120
124439,4,16,12,112
123334,1,16,12,8
125022,2,16,12,60
125167,2,16,12,52
123515,1,16,12,20
123169,1,16,12,28
123326,3,16,12,88
123159,1,16,12,32
124240,3,16,12,96
124327,0,16,12,0
123553,2,16,12,36
123653,3,16,12,92
123434,1,16,12,8
124962,1,16,12,8
124349,2,16,12,40
125107,2,16,12,52
124215,1,16,12,8
125237,2,16,12,64
124866,4,16,12,112
125067,2,16,12,60
125122,2,16,12,36
123188,1,16,12,8
124613,3,16,12,76
123261,3,16,12,72
124035,4,16,12,120
124005,2,16,12,40
125140,2,16,12,64
125212,3,16,12,96
124312,4,16,12,112
124836,0,16,12,0
125211,1,16,12,12
123765,1,16,12,24
124790,1,16,12,4
123373,3,16,12,96
124087,3,16,12,84
123899,4,16,12,104
124233,2,16,12,48
124842,3,16,12,72
123375,2,16,12,64
125061,2,16,12,48
123719,2,16,12,36
125080,2,16,12,36
123406,1,16,12,4
124578,4,16,12,100
123390,1,16,12,20
124123,2,16,12,36
124855,2,16,12,44
124837,1,16,12,32
123219,3,16,12,92
125096,3,16,12,68
123822,2,16,12,52
124605,1,16,12,4
124582,1,16,12,8
124461,4,16,12,100
123992,1,16,12,24
123672,1,16,12,20
123960,1,16,12,20
124519,3,16,12,68
124470,3,16,12,88
123688,2,16,12,64
124440,0,16,12,0
123151,2,16,12,60
123901,4,16,12,120
123669,1,16,12,24
125008,1,16,12,20
124516,1,16,12,16
124630,3,16,12,96
123798,3,16,12,72
123209,1,16,12,12
123924,4,16,12,120
124812,1,16,12,8
125236,2,16,12,64
124727,0,16,12,0
123868,2,16,12,56
124614,3,16,12,80
123153,1,16,12,8
123170,1,16,12,28
125017,3,16,12,76
124083,4,16,12,120
124456,1,16,12,4
123164,4,16,12,100
124279,2,16,12,44
124976,4,16,12,112
123192,2,16,12,64
124356,2,16,12,48
123382,4,16,12,104
123461,0,16,12,0
124651,1,16,12,16
124130,3,16,12,92
123350,2,16,12,56
124229,1,16,12,24
124859,2,16,12,44
124248,4,16,12,108
123549,3,16,12,80
123228,4,16,12,104
124026,1,16,12,20
124888,4,16,12,104
123950,3,16,12,96
124893,2,16,12,40
123385,2,16,12,36
125030,3,16,12,84
124934,2,16,12,52
125034,1,16,12,4
125164,3,16,12,96
124102,2,16,12,64
123463,2,16,12,64
124357,1,16,12,24
123658,4,16,12,104
124272,2,16,12,44
123408,4,16,12,104
125194,4,16,12,112
124696,1,16,12,16
123189,2,16,12,56
124154,4,16,12,120
125177,1,16,12,24
123276,1,16,12,24
125054,2,16,12,48
125181,2,16,12,52
124137,3,16,12,84
124378,4,16,12,104
123816,4,16,12,112
123978,3,16,12,68
123754,2,16,12,44
123123,1,16,12,28
124674,4,16,12,108
124407,2,16,12,56
124020,1,16,12,12
124413,1,16,12,32
123278,2,16,12,64
125232,1,16,12,12
124475,2,16,12,56
123251,4,16,12,120
124751,4,16,12,100
124662,1,16,12,4
124986,2,16,12,56
123995,1,16,12,8
124741,4,16,12,104
124395,1,16,12,20
123245,4,16,12,100
124278,4,16,12,100
123800,4,16,12,112
123997,0,16,12,0
124435,2,16,12,52
124377,3,16,12,84
124376,3,16,12,76
124290,3,16,12,68
124756,3,16,12,84
124414,1,16,12,32
124415,3,16,12,76
124707,2,16,12,52
125004,1,16,12,8
123422,2,16,12,52
124301,2,16,12,64
123727,1,16,12,8
123473,1,16,12,16
124206,0,16,12,0
123353,4,16,12,104
124147,3,16,12,80
123916,1,16,12,24
125077,3,16,12,72
123469,4,16,12,108
123943,1,16,12,4
123846,1,16,12,32
125235,0,16,12,0
123844,2,16,12,64
124202,4,16,12,108
123148,2,16,12,56
124811,1,16,12,4
123908,2,16,12,44
123799,4,16,12,112
125143,3,16,12,88
124243,3,16,12,76
124967,1,16,12,32
124093,3,16,12,72
124711,2,16,12,40
124078,4,16,12,120
123647,1,16,12,16
124690,3,16,12,88
124409,0,16,12,0
124103,3,16,12,68
124906,1,16,12,28
124437,3,16,12,96
123848,1,16,12,32
125244,2,16,12,64
123124,0,16,12,0
123927,3,16,12,96
124254,4,16,12,104
123739,3,16,12,92
123721,2,16,12,40
124482,4,16,12,112
125033,1,16,12,8
124742,2,16,12,44
123569,4,16,12,104
123592,4,16,12,120
124365,3,16,12,80
124472,3,16,12,76
124978,0,16,12,0
123181,4,16,12,120
124713,4,16,12,100
123590,1,16,12,24
124010,1,16,12,20
124328,2,16,12,60
123248,2,16,12,52
125045,4,16,12,112
124685,3,16,12,76
124835,4,16,12,100
124990,3,16,12,68
123144,4,16,12,116
124445,3,16,12,76
125097,3,16,12,76
125189,1,16,12,16
124264,4,16,12,116
124724,3,16,12,92
124043,1,16,12,32
123525,3,16,12,68
123597,3,16,12,80
125134,3,16,12,96
123866,3,16,12,72
123374,3,16,12,88
123236,2,16,12,60
124284,4,16,12,112
124796,4,16,12,120
124703,1,16,12,12
124827,2,16,12,64
123162,2,16,12,64
123480,1,16,12,16
125159,2,16,12,64
123954,3,16,12,76
124129,1,16,12,16
124262,3,16,12,68
123575,2,16,12,48
124830,4,16,12,120
125075,1,16,12,12
123637,1,16,12,16
125103,3,16,12,68
124237,2,16,12,52
123330,3,16,12,80
124736,0,16,12,0
124677,1,16,12,32
123797,1,16,12,20
124933,2,16,12,64
124918,1,16,12,8
124177,4,16,12,100
124989,1,16,12,8
124965,3,16,12,76
124579,1,16,12,8
124776,3,16,12,68
124850,3,16,12,96
124429,4,16,12,116
123368,3,16,12,80
124774,1,16,12,8
123176,4,16,12,108
124275,1,16,12,8
125084,4,16,12,112
123693,2,16,12,44
123609,2,16,12,52
124331,1,16,12,8
124019,1,16,12,16
124249,4,16,12,116
124308,2,16,12,52
123616,1,16,12,24
124466,3,16,12,96
123843,3,16,12,84
123543,1,16,12,32
123756,1,16,12,12
123887,2,16,12,52
124134,3,16,12,84
123472,1,16,12,32
124803,3,16,12,96
124292,4,16,12,104
124537,2,16,12,52
124001,1,16,12,8
123642,4,16,12,112
125225,2,16,12,48
125210,3,16,12,76
124858,1,16,12,24
124003,2,16,12,60
124024,2,16,12,40
124324,1,16,12,24
124040,3,16,12,84
123763,1,16,12,32
125233,2,16,12,48
124567,2,16,12,60
124975,4,16,12,120
123953,4,16,12,116
123196,3,16,12,92
125245,1,16,12,32
124695,2,16,12,64
123516,1,16,12,20
124522,4,16,12,112
123252,1,16,12,20
125101,3,16,12,84
123587,1,16,12,24
123938,4,16,12,116
123150,2,16,12,48
124183,3,16,12,80
123636,0,16,12,0
124693,1,16,12,28
123397,3,16,12,72
124623,4,16,12,120
123708,3,16,12,88
123269,2,16,12,36
123540,2,16,12,44
124758,2,16,12,64
124987,1,16,12,24
124876,1,16,12,4
123203,3,16,12,76
123304,3,16,12,96
124495,1,16,12,12
124708,2,16,12,56
123556,2,16,12,56
125062,4,16,12,120
124455,3,16,12,72
124817,2,16,12,52
123216,1,16,12,8
123803,4,16,12,100
124348,3,16,12,88
123225,2,16,12,56
124011,1,16,12,20
123343,3,16,12,88
124881,1,16,12,20
124896,1,16,12,16
124593,3,16,12,72
124342,1,16,12,28
124166,1,16,12,24
125141,2,16,12,52
125196,3,16,12,76
123407,4,16,12,108
124845,4,16,12,100
123849,1,16,12,24
123454,4,16,12,116
123233,1,16,12,16
124208,3,16,12,92
123913,3,16,12,72
124546,4,16,12,112
125253,1,16,12,8
123425,4,16,12,108
125165,4,16,12,116
123336,3,16,12,80
124753,1,16,12,32
124115,2,16,12,48
125224,3,16,12,68
125257,3,16,12,92
123973,3,16,12,96
124464,0,16,12,0
123780,2,16,12,60
124034,1,16,12,8
124266,4,16,12,112
124446,1,16,12,12
123539,3,16,12,92
124517,2,16,12,40
123172,2,16,12,64
123156,0,16,12,0
124179,2,16,12,40
123769,1,16,12,16
123726,1,16,12,12
123208,1,16,12,24
124044,2,16,12,48
124765,4,16,12,120
124947,1,16,12,16
125040,2,16,12,64
124577,4,16,12,116
124889,3,16,12,84
124871,1,16,12,20
123945,3,16,12,88
124700,3,16,12,72
123617,1,16,12,4
123563,1,16,12,16
123743,2,16,12,40
124834,4,16,12,120
124570,3,16,12,96
124542,1,16,12,16
123531,1,16,12,8
123426,3,16,12,96
124152,1,16,12,24
124733,1,16,12,12
124622,4,16,12,104
124715,3,16,12,84
124480,1,16,12,20
124797,3,16,12,88
124271,3,16,12,92
124188,1,16,12,4
125170,2,16,12,56
124412,2,16,12,60
125227,3,16,12,92
123831,3,16,12,92
123405,0,16,12,0
123504,3,16,12,92
125256,2,16,12,60
123634,2,16,12,60
124554,1,16,12,32
123876,4,16,12,112
124397,1,16,12,32
125142,3,16,12,92
124692,3,16,12,96
123674,2,16,12,56
124901,1,16,12,12
125068,3,16,12,92
124944,1,16,12,16
123812,2,16,12,40
123428,1,16,12,12
123303,2,16,12,36
123125,2,16,12,36
124216,1,16,12,16
124762,3,16,12,92
123624,0,16,12,0
123376,2,16,12,44
123595,3,16,12,92
123457,1,16,12,12
125222,3,16,12,72
124226,3,16,12,88
123359,4,16,12,112
123259,4,16,12,112
124527,1,16,12,28
124550,2,16,12,64
124261,3,16,12,92
123242,1,16,12,4
124726,4,16,12,120
125149,1,16,12,4
124585,2,16,12,52
124484,1,16,12,20
123632,3,16,12,72
123423,1,16,12,12
123484,3,16,12,84
123456,3,16,12,84
123897,3,16,12,92
124430,2,16,12,40
123292,2,16,12,56
123496,4,16,12,120
124373,4,16,12,112
124872,3,16,12,84
123861,3,16,12,80
124795,3,16,12,68
123748,4,16,12,104
125126,1,16,12,28
124723,4,16,12,104
123523,2,16,12,60
123413,3,16,12,76
124572,1,16,12,28
124168,1,16,12,4
125201,1,16,12,8
123538,2,16,12,44
124038,4,16,12,116
123264,3,16,12,80
123936,4,16,12,104
123744,2,16,12,60
124140,3,16,12,68
124490,3,16,12,72
123889,2,16,12,52
124504,3,16,12,72
125240,3,16,12,88
124919,3,16,12,96
124840,4,16,12,116
124601,2,16,12,44
123781,4,16,12,108
124273,3,16,12,84
124828,3,16,12,72
123934,4,16,12,120
123918,4,16,12,108
125203,3,16,12,80
123234,2,16,12,60
123975,1,16,12,12
124355,2,16,12,60
124171,1,16,12,12
124306,3,16,12,88
123827,1,16,12,16
125259,3,16,12,76
123244,3,16,12,68
124151,3,16,12,76
124159,1,16,12,20
124219,3,16,12,92
124305,4,16,12,104
123446,2,16,12,44
124597,1,16,12,20
123452,1,16,12,4
125150,3,16,12,84
124029,3,16,12,88
124960,2,16,12,48
125229,1,16,12,28
124604,1,16,12,4
125111,3,16,12,68
124067,2,16,12,48
125151,1,16,12,32
124730,1,16,12,24
123680,0,16,12,0
123231,1,16,12,24
124410,4,16,12,112
124666,1,16,12,16
125128,2,16,12,44
125173,2,16,12,36
123166,2,16,12,36
124041,3,16,12,96
124025,3,16,12,96
124659,1,16,12,8
124380,1,16,12,24
125044,2,16,12,40
123932,1,16,12,32
123586,1,16,12,8
124432,4,16,12,120
123511,2,16,12,36
123764,3,16,12,72
124408,1,16,12,4
123601,2,16,12,44
125182,2,16,12,60
125153,3,16,12,96
123524,2,16,12,44
123730,0,16,12,0
123420,4,16,12,100
123753,4,16,12,116
123253,3,16,12,88
124077,2,16,12,36
124951,4,16,12,108
125066,0,16,12,0
123371,2,16,12,48
123410,1,16,12,8
123145,4,16,12,120
123163,2,16,12,56
125215,1,16,12,8
124390,3,16,12,80
123761,2,16,12,44
123263,1,16,12,16
124984,2,16,12,64
124293,1,16,12,20
123182,3,16,12,80
125188,4,16,12,100
123193,2,16,12,60
123226,1,16,12,4
124979,2,16,12,48
123309,1,16,12,8
123557,3,16,12,68
123210,1,16,12,24
123279,1,16,12,20
123912,2,16,12,64
123230,3,16,12,80
124956,4,16,12,108
123691,1,16,12,8
123878,2,16,12,48
124655,1,16,12,16
124524,2,16,12,48
123850,3,16,12,80
123165,3,16,12,80
124037,2,16,12,56
123931,1,16,12,24
123921,4,16,12,104
124994,2,16,12,48
123707,1,16,12,32
123606,2,16,12,36
124545,3,16,12,68
124518,1,16,12,4
123811,1,16,12,8
123833,2,16,12,40
125049,3,16,12,80
124362,3,16,12,72
125089,2,16,12,40
125183,2,16,12,60
124595,2,16,12,40
123614,4,16,12,100
123604,0,16,12,0
124452,3,16,12,76
124643,2,16,12,36
125200,1,16,12,4
123581,3,16,12,80
123806,2,16,12,64
123576,4,16,12,112
124281,1,16,12,16
124400,2,16,12,44
124653,1,16,12,12
124935,4,16,12,112
123325,3,16,12,96
123907,0,16,12,0
123318,2,16,12,44
124200,3,16,12,96
124347,2,16,12,40
124316,3,16,12,68
123990,1,16,12,20
124954,3,16,12,68
124603,4,16,12,120
124321,3,16,12,68
124925,3,16,12,80
123700,2,16,12,40
123339,3,16,12,88
123574,2,16,12,64
123501,2,16,12,44
125238,4,16,12,100
124959,3,16,12,92
123356,2,16,12,64
123130,4,16,12,112
124536,1,16,12,12
124911,3,16,12,84
125051,3,16,12,96
124681,3,16,12,84
125108,1,16,12,12
124676,4,16,12,104
123566,2,16,12,52
124258,2,16,12,48
125026,1,16,12,8
124431,1,16,12,28
123845,1,16,12,32
124486,1,16,12,12
124734,4,16,12,108
124394,4,16,12,116
124211,1,16,12,16
123258,3,16,12,88
123893,3,16,12,76
123478,3,16,12,84
123640,3,16,12,88
124543,2,16,12,56
125218,1,16,12,24
124632,2,16,12,48
124854,3,16,12,88
124921,2,16,12,64
123884,1,16,12,8
124359,1,16,12,28
123510,4,16,12,112
123775,1,16,12,24
124056,3,16,12,96
125171,1,16,12,12
124556,2,16,12,60
124907,3,16,12,68
124958,0,16,12,0
124096,0,16,12,0
124109,2,16,12,64
123141,3,16,12,80
123774,1,16,12,24
125202,2,16,12,40
124894,1,16,12,32
124869,3,16,12,76
123870,4,16,12,112
124146,1,16,12,24
124754,2,16,12,60
123139,1,16,12,16
123706,3,16,12,96
123157,3,16,12,80
124917,3,16,12,88
123476,4,16,12,120
124905,2,16,12,48
124496,4,16,12,100
124448,4,16,12,104
123257,2,16,12,64
125163,4,16,12,120
124782,4,16,12,116
124534,2,16,12,36
124952,1,16,12,28
123987,1,16,12,24
125002,4,16,12,108
124213,3,16,12,80
124170,1,16,12,16
123683,3,16,12,76
123993,3,16,12,76
124047,1,16,12,8
123970,3,16,12,84
125252,1,16,12,12
125144,1,16,12,32
124735,1,16,12,4
123646,3,16,12,84
124620,3,16,12,92
123735,2,16,12,44
124981,4,16,12,108
125057,1,16,12,8
123979,2,16,12,40
124270,4,16,12,108
124497,1,16,12,20
123712,4,16,12,116
123820,3,16,12,84
123497,1,16,12,28
123247,3,16,12,96
123842,3,16,12,76
123600,3,16,12,76
125106,1,16,12,4
123598,3,16,12,80
123435,0,16,12,0
125027,2,16,12,60
123328,2,16,12,60
124849,3,16,12,92
125138,3,16,12,88
124642,4,16,12,120
124852,3,16,12,68
123650,1,16,12,12
124117,3,16,12,92
123879,2,16,12,64
123494,3,16,12,80
123441,3,16,12,80
124175,1,16,12,24
123772,4,16,12,116
124204,1,16,12,32
124988,3,16,12,68
125094,3,16,12,72
125055,2,16,12,44
123925,1,16,12,28
123383,2,16,12,40
124737,1,16,12,4
125154,3,16,12,96
124222,1,16,12,16
123618,1,16,12,28
124396,0,16,12,0
123648,1,16,12,4
123554,4,16,12,112
124364,2,16,12,48
124425,2,16,12,40
125059,2,16,12,64
124427,3,16,12,76
124156,4,16,12,100
124600,4,16,12,104
124257,2,16,12,44
123191,3,16,12,68
123703,4,16,12,104
124668,1,16,12,12
123467,2,16,12,44
124510,1,16,12,32
123621,4,16,12,104
123246,1,16,12,16
123641,3,16,12,96
123749,4,16,12,104
124974,4,16,12,100
123664,1,16,12,12
124184,4,16,12,120
124783,4,16,12,100
124060,3,16,12,88
125239,2,16,12,36
123635,1,16,12,20
123715,1,16,12,16
124857,3,16,12,92
124562,1,16,12,20
124401,4,16,12,112
125083,1,16,12,28
124174,3,16,12,96
124172,1,16,12,12
124416,2,16,12,56
123654,2,16,12,36
123847,4,16,12,120
125058,2,16,12,56
124393,2,16,12,44
124551,2,16,12,44
123762,4,16,12,116
123437,2,16,12,40
123568,3,16,12,68
125112,3,16,12,76
125028,1,16,12,20
125130,1,16,12,20
124999,1,16,12,28
124673,3,16,12,96
124786,1,16,12,8
124139,3,16,12,72
125217,4,16,12,104
123623,3,16,12,76
124663,3,16,12,84
124422,1,16,12,20
124705,2,16,12,56
124363,3,16,12,72
124680,4,16,12,116
123631,3,16,12,80
123894,2,16,12,36
124112,1,16,12,32
124529,1,16,12,12
124794,3,16,12,80
124180,2,16,12,44
125243,2,16,12,52
123345,2,16,12,52
123490,0,16,12,0
124598,1,16,12,20
124332,3,16,12,68
123944,1,16,12,16
123335,3,16,12,84
124564,2,16,12,60
123926,3,16,12,72
124220,3,16,12,68
124058,1,16,12,28
124875,2,16,12,40
124336,2,16,12,52
124042,4,16,12,112
123655,1,16,12,16
123280,2,16,12,56
123250,1,16,12,12
124887,1,16,12,12
123277,0,16,12,0
123957,2,16,12,44
123217,4,16,12,100
124877,2,16,12,64
123578,2,16,12,64
123808,1,16,12,8
123603,4,16,12,100
124388,1,16,12,32
123132,3,16,12,72
124091,1,16,12,24
125158,3,16,12,72
